timestamp,era5_grid_latitude,era5_grid_longitude,temperature_c,dew_point_c,wind_u_ms,wind_v_ms,wind_speed_ms,wind_direction_deg,pressure_hpa,precipitation_mm,cloud_cover_pct
2024-01-01 00:00:00,20.5,85.75,17.880768,16.226654,0.462677,-1.6751251,1.7378476,344.5596,1015.875,0.0,4.119873
2024-01-01 00:00:00,20.5,86.0,17.392487,15.853607,0.4519348,-1.5061798,1.5725211,343.29794,1015.885,0.0,5.227661
2024-01-01 00:00:00,20.25,85.75,17.490143,16.259857,0.4441223,-1.6145782,1.674547,344.62,1015.775,0.0,0.5554199
2024-01-01 00:00:00,20.25,86.0,17.28897,16.06845,0.3640442,-1.4016876,1.4481907,345.4409,1015.775,0.0,2.1118164
2024-01-01 01:00:00,20.5,85.75,17.734924,16.182648,-0.18608093,-1.7549896,1.764827,6.052429,1016.7581,0.0,11.987305
2024-01-01 01:00:00,20.5,86.0,17.205627,15.711945,-0.06010437,-1.635849,1.6369529,2.1042175,1016.7706,0.0,1.3305664
2024-01-01 01:00:00,20.25,85.75,17.420471,16.235382,-0.054244995,-1.6553802,1.6562688,1.876831,1016.6431,0.0,12.008667
2024-01-01 01:00:00,20.25,86.0,17.098206,15.903351,0.024856567,-1.5098724,1.510077,359.05682,1016.65063,0.0,1.1108398
2024-01-01 02:00:00,20.5,85.75,19.204193,16.87442,-0.3304596,-1.7156677,1.7472034,10.902374,1017.60626,0.0,8.8897705
2024-01-01 02:00:00,20.5,86.0,18.919037,16.477936,-0.25526428,-1.9168396,1.9337616,7.585388,1017.59625,0.0,1.7822266
2024-01-01 02:00:00,20.25,85.75,19.210052,17.22403,-0.23573303,-1.8885193,1.9031751,7.1151123,1017.48627,0.0,7.116699
2024-01-01 02:00:00,20.25,86.0,18.932709,16.741608,-0.18104553,-2.094574,2.1023836,4.940094,1017.46875,0.0,0.0
2024-01-01 03:00:00,20.5,85.75,19.611176,16.105103,-0.30378723,-1.3304596,1.3647013,12.8619995,1018.16315,0.0,0.5584717
2024-01-01 03:00:00,20.5,86.0,19.4393,16.021118,-0.3955841,-1.633194,1.6804194,13.615662,1018.1181,0.0,1.1169434
2024-01-01 03:00:00,20.25,85.75,19.753754,16.575806,-0.24909973,-1.5384674,1.5585033,9.197174,1018.0656,0.0,0.10986328
2024-01-01 03:00:00,20.25,86.0,19.57602,16.343384,-0.32429504,-1.8529205,1.8810853,9.927246,1018.0206,0.0,0.0
2024-01-01 04:00:00,20.5,85.75,19.8237,15.58017,-0.78515625,-1.4429932,1.642772,28.55133,1018.4506,0.0,0.0
2024-01-01 04:00:00,20.5,86.0,19.8237,15.916107,-0.9716797,-1.9176025,2.149735,26.87207,1018.4306,0.0,0.44555664
2024-01-01 04:00:00,20.25,85.75,20.157684,15.814545,-0.7246094,-1.6724854,1.8227085,23.424805,1018.35815,0.0,1.776123
2024-01-01 04:00:00,20.25,86.0,20.151825,16.07431,-0.8701172,-2.1246338,2.2959034,22.270935,1018.33563,0.0,0.8880615
2024-01-01 05:00:00,20.5,85.75,23.910736,16.226715,-1.0512085,-1.1747742,1.5764307,41.822723,1017.9675,0.0,0.0
2024-01-01 05:00:00,20.5,86.0,23.986908,16.61734,-1.2250366,-1.5820007,2.00086,37.752716,1017.95,0.0,0.0
2024-01-01 05:00:00,20.25,85.75,24.303314,16.433746,-1.1264038,-1.4482117,1.8346941,37.875397,1017.915,0.0,0.44555664
2024-01-01 05:00:00,20.25,86.0,24.328705,16.701324,-1.2738647,-1.813446,2.2161493,35.086304,1017.9,0.0,0.22277832
2024-01-01 06:00:00,20.5,85.75,25.448517,15.728577,-0.8087921,-1.01474,1.2976294,38.556366,1017.02936,0.0,0.5554199
2024-01-01 06:00:00,20.5,86.0,25.503204,16.04889,-0.9962921,-1.3389587,1.6689543,36.65216,1017.0119,0.0,0.0
2024-01-01 06:00:00,20.25,85.75,25.710236,15.906311,-0.9582062,-1.2764587,1.5960909,36.894653,1016.9794,0.0,0.5554199
2024-01-01 06:00:00,20.25,86.0,25.727814,16.144592,-1.1515656,-1.5430603,1.925393,36.73349,1016.96686,0.0,0.0
2024-01-01 07:00:00,20.5,85.75,25.777252,15.70816,-0.48809814,-0.993103,1.1065683,26.173553,1015.72437,0.0,0.5554199
2024-01-01 07:00:00,20.5,86.0,25.867096,16.042145,-0.6560669,-1.2538452,1.4151154,27.620544,1015.6919,0.0,1.663208
2024-01-01 07:00:00,20.25,85.75,26.085846,15.899567,-0.65704346,-1.2235718,1.3888247,28.23526,1015.6719,0.0,0.5554199
2024-01-01 07:00:00,20.25,86.0,26.109283,16.153473,-0.85235596,-1.4081421,1.6460179,31.186737,1015.64185,0.0,1.6693115
2024-01-01 08:00:00,20.5,85.75,26.844635,15.759857,-0.23612976,-1.0079346,1.0352243,13.184937,1014.77686,0.0,1.5533447
2024-01-01 08:00:00,20.5,86.0,26.887604,16.084076,-0.40800476,-1.2305908,1.296465,18.343018,1014.7594,0.0,4.1015625
2024-01-01 08:00:00,20.25,85.75,27.036041,16.064545,-0.39042664,-1.1817627,1.2445867,18.282349,1014.7444,0.0,1.1108398
2024-01-01 08:00:00,20.25,86.0,27.014557,16.29892,-0.6101532,-1.3048096,1.4404217,25.061646,1014.7344,0.0,4.336548
2024-01-01 09:00:00,20.5,85.75,27.362793,15.815155,-0.16569519,-0.9038696,0.91893154,10.38797,1013.8894,0.0,0.10986328
2024-01-01 09:00:00,20.5,86.0,27.356934,16.11203,-0.35124207,-1.0894165,1.1446394,17.869995,1013.8806,0.0,1.2237549
2024-01-01 09:00:00,20.25,85.75,27.47998,16.194061,-0.32878113,-0.9644165,1.0189191,18.82486,1013.8569,0.0,4.1046143
2024-01-01 09:00:00,20.25,86.0,27.444824,16.377655,-0.58073425,-1.0308228,1.1831517,29.395569,1013.8619,0.0,3.2196045
2024-01-01 10:00:00,20.5,85.75,25.244781,17.114258,-0.6464386,-1.1567688,1.3251404,29.197815,1013.85376,0.0,0.3326416
2024-01-01 10:00:00,20.5,86.0,25.113922,17.479492,-0.70503235,-1.3364563,1.5110215,27.813354,1013.92126,0.0,0.22277832
2024-01-01 10:00:00,20.25,85.75,25.408844,17.444336,-0.7655792,-1.2095032,1.4314361,32.33258,1013.84875,0.0,1.6662598
2024-01-01 10:00:00,20.25,86.0,25.242828,17.694336,-0.8944855,-1.2534485,1.5398822,35.51239,1013.91876,0.0,0.6652832
2024-01-01 11:00:00,20.5,85.75,25.484314,16.970215,-0.9707489,-0.236969,0.9992536,76.28183,1014.16437,0.0,0.0
2024-01-01 11:00:00,20.5,86.0,25.095642,18.431152,-1.0029755,-0.26626587,1.0377173,75.13226,1014.2419,0.0,0.77819824
2024-01-01 11:00:00,20.25,85.75,25.605408,17.493652,-0.95610046,-0.19888306,0.97656673,78.24921,1014.22565,0.0,0.44555664
2024-01-01 11:00:00,20.25,86.0,25.183533,18.483887,-1.1816864,-0.123687744,1.188142,84.02457,1014.3156,0.0,1.2237549
2024-01-01 12:00:00,20.5,85.75,24.502228,17.60315,-1.790268,1.2141418,2.1631458,124.14473,1014.2531,0.0,0.0
2024-01-01 12:00:00,20.5,86.0,23.605743,17.81604,-1.7082367,0.94851685,1.9539081,119.0417,1014.3119,0.0,0.0
2024-01-01 12:00:00,20.25,85.75,24.017853,18.025024,-1.5910492,1.2688293,2.0350344,128.57166,1014.34314,0.0,1.776123
2024-01-01 12:00:00,20.25,86.0,23.554962,18.09729,-1.7092133,1.1037903,2.0346408,122.85393,1014.42065,0.0,1.5533447
2024-01-01 13:00:00,20.5,85.75,23.815125,17.60318,-1.2454224,1.5098724,1.9572408,140.48239,1015.1775,0.0,0.0
2024-01-01 13:00:00,20.5,86.0,23.88739,17.544586,-1.6936646,1.5372162,2.2872546,132.22775,1015.25,0.0,0.0
2024-01-01 13:00:00,20.25,85.75,24.004578,17.689117,-1.2493286,1.7628021,2.1606233,144.67413,1015.2875,0.0,0.44555664
2024-01-01 13:00:00,20.25,86.0,23.9245,18.007477,-1.7669067,1.7344818,2.4759617,134.46942,1015.365,0.0,0.22277832
2024-01-01 14:00:00,20.5,85.75,23.00415,17.42099,-1.255722,1.9285278,2.3013165,146.93066,1015.8231,0.0,1.3366699
2024-01-01 14:00:00,20.5,86.0,22.70337,17.872162,-1.6609955,1.8425903,2.4807348,137.96706,1015.90186,0.0,0.66833496
2024-01-01 14:00:00,20.25,85.75,22.914307,17.899506,-1.2283783,2.1121216,2.4433525,149.81836,1015.90814,0.0,0.0
2024-01-01 14:00:00,20.25,86.0,22.470947,18.657318,-1.6414642,1.8855591,2.4999475,138.95897,1015.97565,0.0,0.0
2024-01-01 15:00:00,20.5,85.75,22.124664,16.975464,-1.1882782,2.0821686,2.3973799,150.28693,1016.455,0.0,0.0
2024-01-01 15:00:00,20.5,86.0,21.581696,17.721558,-1.3630829,1.7276764,2.20065,141.72766,1016.45374,0.0,0.0
2024-01-01 15:00:00,20.25,85.75,21.780914,17.69226,-1.0193329,1.9298248,2.18249,152.15701,1016.4875,0.0,0.0
2024-01-01 15:00:00,20.25,86.0,21.349274,18.575073,-1.2683563,1.5372467,1.9929514,140.47453,1016.46875,0.0,0.0
2024-01-01 16:00:00,20.5,85.75,21.55542,17.608093,-0.81344604,1.8304749,2.0030808,156.0401,1016.8856,0.0,0.8911133
2024-01-01 16:00:00,20.5,86.0,20.858154,18.129578,-0.820282,1.4076233,1.6291918,149.76883,1016.84937,0.0,0.66833496
2024-01-01 16:00:00,20.25,85.75,21.18628,18.19989,-0.757782,1.6947327,1.8564354,155.90869,1016.84686,0.0,0.0
2024-01-01 16:00:00,20.25,86.0,20.740967,18.707703,-0.98043823,1.372467,1.6866906,144.45944,1016.8031,0.0,0.0
2024-01-01 17:00:00,20.5,85.75,19.545532,17.717133,-0.5044708,1.6760406,1.7503152,163.24875,1016.76624,0.0,0.44555664
2024-01-01 17:00:00,20.5,86.0,20.047485,18.039398,-0.562088,1.7151031,1.8048606,161.85457,1016.71,0.0,0.44555664
2024-01-01 17:00:00,20.25,85.75,19.518188,17.918304,-0.77204895,1.9895172,2.134066,158.79085,1016.67126,0.0,0.0
2024-01-01 17:00:00,20.25,86.0,19.88147,18.320648,-0.9243927,1.7424469,1.9724662,152.05342,1016.6125,0.0,0.0
2024-01-01 18:00:00,20.5,85.75,19.621155,17.74057,-0.4914856,1.8094788,1.875039,164.80411,1016.41876,0.0,0.0
2024-01-01 18:00:00,20.5,86.0,20.166077,18.344086,-0.11062622,1.2655334,1.2703594,175.00421,1016.36127,0.0,0.0
2024-01-01 18:00:00,20.25,85.75,20.160217,18.099945,-0.64675903,1.5145569,1.6468698,156.87613,1016.28625,0.0,0.0
2024-01-01 18:00:00,20.25,86.0,20.259827,18.642914,-0.56863403,0.96572876,1.1207037,149.50986,1016.2275,0.0,0.0
2024-01-01 19:00:00,20.5,85.75,20.545288,18.28952,0.02130127,0.8625183,0.86278135,181.41473,1015.9444,0.0,0.0
2024-01-01 19:00:00,20.5,86.0,19.482788,17.932098,-0.024597168,0.11154175,0.11422164,167.56418,1015.90564,0.0,0.0
2024-01-01 19:00:00,20.25,85.75,20.33435,18.363739,0.061340332,0.224823,0.23304081,195.26105,1015.7969,0.0,0.0
2024-01-01 19:00:00,20.25,86.0,19.09607,18.031708,-0.2609253,-0.290802,0.39070168,41.90039,1015.7531,0.0,0.0
2024-01-01 20:00:00,20.5,85.75,19.600494,18.175842,-0.09963989,-0.38986206,0.4023935,14.336609,1015.58,0.0,0.0
2024-01-01 20:00:00,20.5,86.0,18.3544,17.447327,0.10446167,-0.9015808,0.9076124,353.3909,1015.5475,0.0,53.76587
2024-01-01 20:00:00,20.25,85.75,18.858307,17.92389,-0.0010070801,-0.6369324,0.6369332,0.09057617,1015.42,0.0,0.0
2024-01-01 20:00:00,20.25,86.0,17.918854,17.470764,0.015594482,-1.0871277,1.0872395,359.17816,1015.3775,0.0,53.945923
2024-01-01 21:00:00,20.5,85.75,19.680908,18.426727,-0.3554077,-0.80133057,0.8766101,23.918335,1015.4406,0.0,0.0
2024-01-01 21:00:00,20.5,86.0,18.43872,17.52243,0.045959473,-1.3657837,1.3665568,358.0727,1015.4219,0.0,52.65808
2024-01-01 21:00:00,20.25,85.75,19.036377,18.219696,-0.15618896,-1.0230103,1.0348648,8.680634,1015.34937,0.0,0.0
2024-01-01 21:00:00,20.25,86.0,18.255127,17.676727,0.0635376,-1.5073853,1.5087239,357.58636,1015.3194,0.0,52.83203
2024-01-01 22:00:00,20.5,85.75,18.192383,17.479187,-0.28248596,-0.5346985,0.604732,27.8479,1015.41876,0.0,54.977417
2024-01-01 22:00:00,20.5,86.0,17.151367,16.613953,0.1950531,-1.2729797,1.2878367,351.28857,1015.4313,0.0,55.429077
2024-01-01 22:00:00,20.25,85.75,17.805664,17.367859,-0.19752502,-0.9897766,1.0092938,11.28598,1015.34625,0.0,99.55444
2024-01-01 22:00:00,20.25,86.0,16.99707,16.75653,0.19212341,-1.5298157,1.5418326,352.84192,1015.35626,0.0,90.23743
2024-01-01 23:00:00,20.5,85.75,17.824005,17.29541,-0.7441559,-0.8033142,1.0950259,42.8107,1015.46436,0.0,76.81885
2024-01-01 23:00:00,20.5,86.0,17.132599,16.584473,-0.41114807,-1.3511658,1.4123355,16.92456,1015.5119,0.0,66.10718
2024-01-01 23:00:00,20.25,85.75,17.466583,17.180176,-0.5400543,-0.9722595,1.1121813,29.050537,1015.3644,0.0,100.0
2024-01-01 23:00:00,20.25,86.0,17.007599,16.721191,-0.2695465,-1.3804626,1.406532,11.048462,1015.40186,0.0,100.0
2024-01-02 00:00:00,20.5,85.75,17.71054,16.817017,-0.8546295,-0.9717407,1.2940911,41.331055,1015.64935,0.0,98.66333
2024-01-02 00:00:00,20.5,86.0,17.464447,16.492798,-0.5899811,-1.3731079,1.4944909,23.251648,1015.6694,0.0,74.78943
2024-01-02 00:00:00,20.25,85.75,17.630463,16.87561,-0.64759827,-1.085022,1.2635887,30.830963,1015.52936,0.0,100.0
2024-01-02 00:00:00,20.25,86.0,17.567963,16.768188,-0.43666077,-1.3672485,1.4352844,17.712006,1015.5469,0.0,97.77527
2024-01-02 01:00:00,20.5,85.75,17.679443,16.796173,-0.6229553,-0.95529175,1.1404629,33.108765,1016.78625,0.0,100.0
2024-01-02 01:00:00,20.5,86.0,17.536865,16.54422,-0.38174438,-1.4045105,1.455465,15.205597,1016.79626,0.0,100.0
2024-01-02 01:00:00,20.25,85.75,17.784912,17.00711,-0.70010376,-1.2990417,1.4756879,28.32196,1016.6912,0.0,100.0
2024-01-02 01:00:00,20.25,86.0,17.751709,16.921173,-0.44326782,-1.5861511,1.646925,15.613617,1016.70374,0.0,100.0
2024-01-02 02:00:00,20.5,85.75,18.671051,17.430756,-0.8667755,-0.980072,1.3083735,41.489532,1017.61127,0.0,100.0
2024-01-02 02:00:00,20.5,86.0,18.473785,17.092865,-0.6568146,-1.1372986,1.3133367,30.007355,1017.6312,0.0,77.67334
2024-01-02 02:00:00,20.25,85.75,18.669098,17.647552,-0.9585724,-1.2271423,1.5571575,37.994873,1017.52875,0.0,100.0
2024-01-02 02:00:00,20.25,86.0,18.52652,17.38388,-0.77204895,-1.4263611,1.6219018,28.425415,1017.5513,0.0,97.78137
2024-01-02 03:00:00,20.5,85.75,18.961761,17.31662,-1.0658722,-0.9926605,1.4565227,47.036865,1018.23,0.0,49.728394
2024-01-02 03:00:00,20.5,86.0,19.047699,16.87912,-0.80513,-1.0346527,1.3110074,37.888794,1018.235,0.00047683716,36.712646
2024-01-02 03:00:00,20.25,85.75,18.901215,17.677948,-1.1430206,-1.297348,1.7290483,41.38147,1018.1375,0.0,81.75659
2024-01-02 03:00:00,20.25,86.0,19.055511,17.205292,-0.81977844,-1.3246918,1.5578334,31.751068,1018.14,0.00047683716,65.43274
2024-01-02 04:00:00,20.5,85.75,19.356232,16.88858,-1.4255829,-0.9107208,1.6916558,57.427856,1018.41315,0.0,7.7667236
2024-01-02 04:00:00,20.5,86.0,19.510529,16.259674,-1.4832001,-1.2222443,1.9219166,50.50946,1018.39813,0.0,0.0
2024-01-02 04:00:00,20.25,85.75,19.684357,17.040924,-1.271286,-1.1802521,1.734694,47.126587,1018.3306,0.0,12.664795
2024-01-02 04:00:00,20.25,86.0,19.830841,16.396393,-1.2927704,-1.4771271,1.9629467,41.19217,1018.3081,0.0,2.4414062
2024-01-02 05:00:00,20.5,85.75,23.209137,16.909393,-1.7582703,-1.1269989,2.0884542,57.34131,1018.0037,0.0,18.218994
2024-01-02 05:00:00,20.5,86.0,23.302887,16.512909,-1.7572937,-1.3262177,2.2015755,52.958374,1017.9988,0.0,3.781128
2024-01-02 05:00:00,20.25,85.75,23.599762,17.081268,-1.6508484,-1.3975067,2.1629436,49.750793,1017.9462,0.0,13.342285
2024-01-02 05:00:00,20.25,86.0,23.668121,16.63205,-1.6703796,-1.5840302,2.302025,46.519867,1017.9288,0.0,1.3305664
2024-01-02 06:00:00,20.5,85.75,24.999603,16.48172,-1.7260284,-1.0976715,2.0454967,57.545593,1016.71564,0.0,17.214966
2024-01-02 06:00:00,20.5,86.0,24.970306,16.196564,-1.6889191,-1.2744293,2.115802,52.962402,1016.71564,0.0,6.8878174
2024-01-02 06:00:00,20.25,85.75,25.245697,16.766876,-1.6674347,-1.4463043,2.2072914,49.062195,1016.6406,0.0,22.106934
2024-01-02 06:00:00,20.25,86.0,25.200775,16.44461,-1.6684113,-1.5439606,2.2731938,47.218567,1016.6381,0.0,8.886719
2024-01-02 07:00:00,20.5,85.75,25.311554,16.314026,-1.6918182,-1.0472565,1.9897223,58.241974,1015.6669,0.0,4.1137695
2024-01-02 07:00:00,20.5,86.0,25.301788,16.08551,-1.687912,-1.282608,2.1199365,52.76956,1015.6719,0.0,4.9987793
2024-01-02 07:00:00,20.25,85.75,25.547882,16.659729,-1.656662,-1.3304596,2.1247709,51.232178,1015.6169,0.0,7.2143555
2024-01-02 07:00:00,20.25,86.0,25.510773,16.407776,-1.7152557,-1.4847565,2.2686129,49.119934,1015.6294,0.0,6.552124
2024-01-02 08:00:00,20.5,85.75,26.84613,16.343903,-1.610672,-0.91233826,1.8511146,60.471313,1014.345,0.0,5.3222656
2024-01-02 08:00:00,20.5,86.0,26.773865,16.004059,-1.6243439,-1.1242523,1.9754585,55.31183,1014.3475,0.0,0.0
2024-01-02 08:00:00,20.25,85.75,26.973083,16.789215,-1.6555939,-1.1242523,2.001233,55.821014,1014.29,0.0,11.99646
2024-01-02 08:00:00,20.25,86.0,26.869568,16.420074,-1.7552032,-1.2443695,2.1515563,54.664856,1014.305,0.0,4.660034
2024-01-02 09:00:00,20.5,85.75,27.069916,16.191284,-1.6279297,-0.78048706,1.8053573,64.385284,1013.7994,0.0,2.218628
2024-01-02 09:00:00,20.5,86.0,26.976166,15.812378,-1.6181641,-0.96603394,1.8845892,59.163055,1013.8169,0.0,0.0
2024-01-02 09:00:00,20.25,85.75,27.200775,16.603394,-1.7509766,-0.8674011,1.954048,63.647034,1013.7594,0.0,5.331421
2024-01-02 09:00:00,20.25,86.0,27.058197,16.220581,-1.8486328,-0.943573,2.0755177,62.959473,1013.7919,0.0,1.5533447
2024-01-02 10:00:00,20.5,85.75,24.721466,16.927704,-1.4286499,-0.40452576,1.4848171,74.19037,1013.2925,0.0,0.0
2024-01-02 10:00:00,20.5,86.0,24.639435,16.533173,-1.4120483,-0.59983826,1.5341729,66.98419,1013.33,0.0,0.0
2024-01-02 10:00:00,20.25,85.75,24.8992,17.242157,-1.4921265,-0.38987732,1.542221,75.35657,1013.265,0.0,0.8880615
2024-01-02 10:00:00,20.25,86.0,24.705841,16.867157,-1.6161499,-0.4474945,1.6769592,74.52316,1013.315,0.0,0.44250488
2024-01-02 11:00:00,20.5,85.75,24.79004,17.037231,-1.1601868,0.06626892,1.1620778,93.26915,1013.3212,0.0,0.0
2024-01-02 11:00:00,20.5,86.0,24.518555,17.11145,-1.1611633,0.02330017,1.1613971,91.14957,1013.3738,0.0,0.0
2024-01-02 11:00:00,20.25,85.75,24.864258,17.443481,-1.155304,0.18345642,1.1697793,99.022964,1013.34375,0.0,0.44555664
2024-01-02 11:00:00,20.25,86.0,24.512695,17.306763,-1.389679,0.24009705,1.4102675,99.80232,1013.41125,0.0,0.22277832
2024-01-02 12:00:00,20.5,85.75,23.717041,17.310028,-1.8599701,1.1752777,2.200174,122.28798,1013.85565,0.0,0.0
2024-01-02 12:00:00,20.5,86.0,23.355713,16.84909,-1.8502045,0.9887543,2.0978303,118.12018,1013.90564,0.0,0.0
2024-01-02 12:00:00,20.25,85.75,23.818604,17.524872,-1.5240326,1.2436371,1.9670558,129.21506,1013.8831,0.0,0.0
2024-01-02 12:00:00,20.25,86.0,23.498291,17.186981,-1.6431732,1.1127777,1.9845132,124.10635,1013.9481,0.0,0.0
2024-01-02 13:00:00,20.5,85.75,23.512817,16.99759,-1.3293915,1.3418732,1.88889,135.26773,1014.7081,0.0,0.0
2024-01-02 13:00:00,20.5,86.0,23.387817,16.651886,-1.6418915,1.159256,2.009896,125.22397,1014.7606,0.0,0.0
2024-01-02 13:00:00,20.25,85.75,23.672974,17.513214,-1.1711884,1.6377716,2.0134492,144.43103,1014.8006,0.0,0.0
2024-01-02 13:00:00,20.25,86.0,23.536255,17.43509,-1.6057587,1.43367,2.1526427,131.75945,1014.84564,0.0,0.0
2024-01-02 14:00:00,20.5,85.75,22.788666,17.026276,-1.267746,1.7442627,2.1563005,143.99002,1015.5069,0.0,0.0
2024-01-02 14:00:00,20.5,86.0,22.345306,17.036041,-1.6095428,1.4337158,2.1554976,131.69336,1015.58185,0.0,0.0
2024-01-02 14:00:00,20.25,85.75,22.829681,17.889557,-1.080246,1.9581299,2.2363372,151.11569,1015.60187,0.0,0.0
2024-01-02 14:00:00,20.25,86.0,22.380463,18.094635,-1.4923553,1.5743408,2.1692564,136.53139,1015.65686,0.0,0.0
2024-01-02 15:00:00,20.5,85.75,21.83429,16.925049,-1.2726288,1.8371277,2.2348652,145.2886,1016.14935,0.0,0.44555664
2024-01-02 15:00:00,20.5,86.0,21.119446,17.046143,-1.4581757,1.3683777,1.9996834,133.18036,1016.1894,0.0,0.22277832
2024-01-02 15:00:00,20.25,85.75,21.613586,18.016846,-1.0040741,1.7687683,2.0338893,150.41779,1016.1769,0.0,0.0
2024-01-02 15:00:00,20.25,86.0,21.10968,18.229736,-1.3273163,1.2902527,1.8510863,134.18878,1016.1994,0.0,0.0
2024-01-02 16:00:00,20.5,85.75,21.39798,17.351624,-1.0995026,1.593277,1.9358299,145.39088,1016.70123,0.0,0.44555664
2024-01-02 16:00:00,20.5,86.0,20.325714,17.312561,-1.2225494,1.1860504,1.7033329,134.13184,1016.70874,0.0,0.22277832
2024-01-02 16:00:00,20.25,85.75,21.01712,18.332092,-1.020401,1.5747223,1.8764244,147.05725,1016.65625,0.0,0.0
2024-01-02 16:00:00,20.25,86.0,20.263214,18.347717,-1.2811432,1.1010895,1.6892974,130.6777,1016.65375,0.0,0.0
2024-01-02 17:00:00,20.5,85.75,19.054352,17.259094,-1.0220184,1.2708282,1.6308054,141.19327,1016.7075,0.0,0.0
2024-01-02 17:00:00,20.5,86.0,18.710602,16.829407,-1.522995,1.4124298,2.0771306,132.84294,1016.705,0.0,0.0
2024-01-02 17:00:00,20.25,85.75,18.966461,17.858704,-1.3306122,1.3938751,1.9270227,136.33018,1016.63,0.0,0.0
2024-01-02 17:00:00,20.25,86.0,18.70279,17.538391,-1.8901825,1.2249298,2.252386,122.945206,1016.625,0.0,0.0
2024-01-02 18:00:00,20.5,85.75,18.411896,17.22641,-1.377945,1.3227692,1.9100918,133.82962,1016.53186,0.0,0.0
2024-01-02 18:00:00,20.5,86.0,19.534943,17.247894,-1.17482,1.0913239,1.603493,132.88991,1016.4969,0.0,0.0
2024-01-02 18:00:00,20.25,85.75,18.519318,17.599457,-1.8349762,1.086441,2.132485,120.62866,1016.4169,0.0,0.0
2024-01-02 18:00:00,20.25,86.0,19.351349,17.75766,-1.7968903,0.61476135,1.8991436,108.887115,1016.3869,0.0,0.0
2024-01-02 19:00:00,20.5,85.75,19.027405,17.175262,-1.4793243,0.9764862,1.7725478,123.42839,1016.22626,0.0,0.0
2024-01-02 19:00:00,20.5,86.0,19.666077,17.249481,-0.7400665,0.34269714,0.81556106,114.84709,1016.1788,0.0,0.0
2024-01-02 19:00:00,20.25,85.75,18.675842,17.501434,-1.8738556,0.20988464,1.8855731,96.390884,1016.08374,0.0,0.0
2024-01-02 19:00:00,20.25,86.0,19.150452,17.640106,-1.4295197,-0.46784973,1.5041308,71.87787,1016.03625,0.0,0.0
2024-01-02 20:00:00,20.5,85.75,19.14566,17.032013,-0.94770813,-0.335495,1.0053395,70.50568,1015.6756,0.0,0.0
2024-01-02 20:00:00,20.5,86.0,18.37027,16.588654,-0.052200317,-0.5435028,0.5460038,5.486084,1015.60565,0.0,0.0
2024-01-02 20:00:00,20.25,85.75,18.409332,17.196075,-1.0531769,-0.8433075,1.3492031,51.31479,1015.52563,0.0,0.0
2024-01-02 20:00:00,20.25,86.0,17.829254,16.897247,-0.38423157,-1.1372528,1.2004074,18.66803,1015.4531,0.0,0.0
2024-01-02 21:00:00,20.5,85.75,18.474945,16.830414,-0.26068115,-0.7974396,0.8389663,18.102448,1015.39874,0.0,0.0
2024-01-02 21:00:00,20.5,86.0,17.185883,16.11557,0.3526001,-1.1216583,1.1757739,342.54913,1015.35126,0.0,0.0
2024-01-02 21:00:00,20.25,85.75,17.900726,16.931976,-0.4159546,-1.100174,1.1761806,20.710632,1015.2413,0.0,0.0
2024-01-02 21:00:00,20.25,86.0,17.125336,16.476898,0.039123535,-1.3667755,1.3673353,358.36035,1015.1863,0.0,0.0
2024-01-02 22:00:00,20.5,85.75,16.621613,15.639984,-0.3618164,-1.3988953,1.4449288,14.501434,1015.4625,0.0,0.22277832
2024-01-02 22:00:00,20.5,86.0,15.990753,15.186859,0.022949219,-1.504364,1.504539,359.126,1015.4525,0.0,0.0
2024-01-02 22:00:00,20.25,85.75,16.600128,15.981781,-0.4868164,-1.4203796,1.5014887,18.918457,1015.285,0.0,0.22277832
2024-01-02 22:00:00,20.25,86.0,16.371613,15.766937,-0.21044922,-1.4701843,1.4851704,8.14624,1015.2725,0.0,0.0
2024-01-02 23:00:00,20.5,85.75,16.29245,15.53183,-0.5120392,-1.6133881,1.6926917,17.607819,1015.3187,0.0,11.102295
2024-01-02 23:00:00,20.5,86.0,15.935028,15.117767,-0.26985168,-1.7872162,1.8074738,8.586212,1015.32874,0.0,0.0
2024-01-02 23:00:00,20.25,85.75,16.519012,15.945892,-0.5735626,-1.6544037,1.751007,19.12085,1015.15625,0.0,11.120605
2024-01-02 23:00:00,20.25,86.0,16.435028,15.68222,-0.40071106,-1.7911224,1.8353989,12.610596,1015.15625,0.0,0.0
2024-01-03 00:00:00,20.5,85.75,17.022034,15.422211,-0.6535034,-1.67099,1.7942336,21.359833,1015.65564,0.0,11.102295
2024-01-03 00:00:00,20.5,86.0,16.701721,15.027679,-0.55389404,-1.8858337,1.9654943,16.368195,1015.66064,0.0,0.0
2024-01-03 00:00:00,20.25,85.75,17.170471,15.767914,-0.6144409,-1.5791931,1.6945173,21.260284,1015.54565,0.0,11.120605
2024-01-03 00:00:00,20.25,86.0,17.090393,15.471039,-0.5685425,-1.7530212,1.8429118,17.968994,1015.54315,0.0,0.0
2024-01-03 01:00:00,20.5,85.75,16.931915,15.267548,-0.74798584,-1.6850433,1.843598,23.93628,1016.7125,0.0,11.102295
2024-01-03 01:00:00,20.5,86.0,16.595978,14.820282,-0.7518921,-1.8559418,2.0024638,22.0542,1016.72,0.0,0.0
2024-01-03 01:00:00,20.25,85.75,17.064728,15.595673,-0.72161865,-1.5766449,1.7339385,24.5932,1016.6125,0.0,11.120605
2024-01-03 01:00:00,20.25,86.0,16.929962,15.210907,-0.7333374,-1.7377777,1.8861748,22.879608,1016.61,0.0,0.0
2024-01-03 02:00:00,20.5,85.75,18.396942,15.565033,-0.8895874,-1.5670624,1.8019574,29.582642,1017.71625,0.0,0.5554199
2024-01-03 02:00:00,20.5,86.0,18.256317,15.143158,-1.008728,-1.7965546,2.0603738,29.313293,1017.73627,0.0,0.0
2024-01-03 02:00:00,20.25,85.75,18.453583,15.711517,-1.0800171,-1.9127655,2.196613,29.450653,1017.64874,0.0,0.5554199
2024-01-03 02:00:00,20.25,86.0,18.393036,15.18222,-1.1737671,-2.1783905,2.4744928,28.316803,1017.66376,0.0,0.0
2024-01-03 03:00:00,20.5,85.75,18.88443,14.792511,-1.2790527,-1.0207367,1.6364228,51.40869,1018.235,0.0,0.44555664
2024-01-03 03:00:00,20.5,86.0,18.75943,14.663605,-1.4138184,-1.3586273,1.9608035,46.14044,1018.255,0.0,0.0
2024-01-03 03:00:00,20.25,85.75,19.048492,15.101105,-1.4821777,-1.4094086,2.0453076,46.44159,1018.19,0.0,0.44555664
2024-01-03 03:00:00,20.25,86.0,18.964508,14.788605,-1.5974121,-1.8078461,2.4124744,41.463806,1018.2025,0.0,0.0
2024-01-03 04:00:00,20.5,85.75,19.410767,14.132263,-1.6940002,-0.8521118,1.8962413,63.296814,1018.525,0.0,0.22277832
2024-01-03 04:00:00,20.5,86.0,19.365845,13.976013,-1.8912659,-1.3335571,2.3141437,54.8118,1018.5275,0.0,0.0
2024-01-03 04:00:00,20.25,85.75,19.680298,14.194763,-1.9195862,-1.2935181,2.3147354,56.025818,1018.47,0.0,0.22277832
2024-01-03 04:00:00,20.25,86.0,19.633423,13.944763,-2.0816956,-1.7827759,2.7407565,49.423065,1018.465,0.0,0.0
2024-01-03 05:00:00,20.5,85.75,23.450562,14.616852,-1.5082855,-0.8035736,1.7089926,61.952515,1018.08374,0.0,0.0
2024-01-03 05:00:00,20.5,86.0,23.520874,14.028961,-1.7866058,-1.3904877,2.2639382,52.106934,1018.08624,0.0,0.0
2024-01-03 05:00:00,20.25,85.75,23.74353,14.609039,-1.6840668,-1.246933,2.0954528,53.482666,1018.03625,0.0,0.0
2024-01-03 05:00:00,20.25,86.0,23.765015,13.919586,-1.9575043,-1.8152924,2.6696646,47.15869,1018.02875,0.0,0.0
2024-01-03 06:00:00,20.5,85.75,25.313873,14.467621,-1.3980713,-0.80111694,1.6113323,60.186584,1016.8013,0.0,0.0
2024-01-03 06:00:00,20.5,86.0,25.350983,13.91684,-1.6588135,-1.3665466,2.149212,50.517944,1016.78625,0.0,0.0
2024-01-03 06:00:00,20.25,85.75,25.456451,14.475433,-1.4703369,-1.2434998,1.9256642,49.777985,1016.7562,0.0,0.0
2024-01-03 06:00:00,20.25,86.0,25.49356,13.844574,-1.7672119,-1.7727966,2.5031672,44.909607,1016.73376,0.0,0.0
2024-01-03 07:00:00,20.5,85.75,25.709808,14.646759,-1.4222717,-0.7729645,1.6187437,61.477173,1015.5144,0.0,0.10986328
2024-01-03 07:00:00,20.5,86.0,25.72348,14.193634,-1.6507874,-1.312027,2.1086757,51.522705,1015.52435,0.0,0.0
2024-01-03 07:00:00,20.25,85.75,25.840668,14.738556,-1.4320374,-1.2192535,1.8807738,49.58853,1015.4794,0.0,0.10986328
2024-01-03 07:00:00,20.25,86.0,25.85434,14.193634,-1.7269592,-1.6997223,2.4231064,45.455383,1015.4869,0.0,0.0
2024-01-03 08:00:00,20.5,85.75,26.545563,14.903839,-1.6093597,-0.7627716,1.7809714,64.64093,1014.0125,0.0,0.10986328
2024-01-03 08:00:00,20.5,86.0,26.494781,14.524933,-1.8085785,-1.2715607,2.2108421,54.890015,1014.0325,0.0,0.0
2024-01-03 08:00:00,20.25,85.75,26.654938,15.024933,-1.613266,-1.0908966,1.9474812,55.93329,1013.975,0.0,0.10986328
2024-01-03 08:00:00,20.25,86.0,26.590485,14.552277,-1.8984222,-1.5196075,2.4317102,51.32419,1013.9975,0.0,0.0
2024-01-03 09:00:00,20.5,85.75,26.816406,14.872437,-1.7598724,-0.6458435,1.8746372,69.84772,1013.39435,0.0,0.0
2024-01-03 09:00:00,20.5,86.0,26.71875,14.534546,-1.9581146,-1.1341248,2.2628415,59.9209,1013.4419,0.0,0.0
2024-01-03 09:00:00,20.25,85.75,26.9375,14.96814,-1.776474,-0.82162476,1.9572754,65.17932,1013.3694,0.0,0.0
2024-01-03 09:00:00,20.25,86.0,26.808594,14.540405,-2.0762787,-1.2249451,2.4106894,59.4606,1013.4194,0.0,0.0
2024-01-03 10:00:00,20.5,85.75,24.894867,15.699799,-2.3500214,-0.73254395,2.4615486,72.6868,1013.3744,0.0,0.8911133
2024-01-03 10:00:00,20.5,86.0,24.689789,15.393158,-2.3832245,-1.1807861,2.659702,63.643555,1013.4844,0.0,0.44555664
2024-01-03 10:00:00,20.25,85.75,25.039398,15.805267,-2.337326,-0.89367676,2.5023491,69.07562,1013.3544,0.0,0.0
2024-01-03 10:00:00,20.25,86.0,24.783539,15.420502,-2.48674,-1.2384033,2.7780423,63.52655,1013.46936,0.0,0.0
2024-01-03 11:00:00,20.5,85.75,24.771759,15.342682,-2.1876678,-0.2596588,2.2030237,83.23108,1013.41565,0.0,0.0
2024-01-03 11:00:00,20.5,86.0,24.406525,15.096588,-2.144699,-0.4998932,2.202187,76.87958,1013.5081,0.0,0.0
2024-01-03 11:00:00,20.25,85.75,24.824493,15.6180725,-2.1105194,-0.3455963,2.1386278,80.70038,1013.3881,0.0,0.0
2024-01-03 11:00:00,20.25,86.0,24.420197,15.215729,-2.243332,-0.5155182,2.3018029,77.058105,1013.4881,0.0,0.0
2024-01-03 12:00:00,20.5,85.75,23.693542,15.803497,-1.8313293,0.38494873,1.8713505,101.870865,1013.83435,0.0,0.0
2024-01-03 12:00:00,20.5,86.0,23.078308,15.526154,-1.8039856,0.16033936,1.8110971,95.07915,1013.91187,0.0,0.0
2024-01-03 12:00:00,20.25,85.75,23.443542,16.059357,-1.8371887,0.46795654,1.8958497,104.290146,1013.84686,0.0,0.0
2024-01-03 12:00:00,20.25,86.0,23.056824,15.696075,-1.9114075,0.21307373,1.923247,96.36078,1013.9269,0.0,0.0
2024-01-03 13:00:00,20.5,85.75,23.30362,15.554749,-1.8997192,0.83244324,2.074101,113.66269,1014.58936,0.0,0.0
2024-01-03 13:00:00,20.5,86.0,22.770416,15.265686,-1.8704224,0.5394745,1.9466671,106.08882,1014.6344,0.0,0.0
2024-01-03 13:00:00,20.25,85.75,22.911041,15.796936,-1.7844849,0.8627167,1.9820864,115.80165,1014.6319,0.0,0.0
2024-01-03 13:00:00,20.25,86.0,22.557526,15.595764,-1.8987427,0.4974823,1.9628327,104.68184,1014.6669,0.0,0.0
2024-01-03 14:00:00,20.5,85.75,21.477753,15.22879,-1.7043915,1.013031,1.9827209,120.725784,1015.0625,0.0,0.0
2024-01-03 14:00:00,20.5,86.0,20.83908,15.04715,-1.6418915,0.6976013,1.7839438,113.019516,1015.085,0.0,0.0
2024-01-03 14:00:00,20.25,85.75,20.909393,15.539337,-1.602829,0.9632263,1.8699908,121.00394,1015.095,0.0,0.0
2024-01-03 14:00:00,20.25,86.0,20.544159,15.463165,-1.6731415,0.55307007,1.7621831,108.29172,1015.1075,0.0,0.0
2024-01-03 15:00:00,20.5,85.75,20.297028,14.591217,-1.405899,0.97380066,1.7102164,124.70856,1015.4319,0.0,0.0
2024-01-03 15:00:00,20.5,86.0,19.605621,14.585358,-1.8726959,0.955246,2.102257,117.02574,1015.4294,0.0,0.0
2024-01-03 15:00:00,20.25,85.75,19.920074,15.116608,-1.530899,0.9366913,1.7947264,121.46068,1015.41437,0.0,0.0
2024-01-03 15:00:00,20.25,86.0,19.593903,15.167389,-1.8775787,0.6788788,1.9965416,109.87854,1015.40686,0.0,0.0
2024-01-03 16:00:00,20.5,85.75,19.222168,14.873444,-1.7544861,1.267868,2.1646502,125.85353,1015.6956,0.0,0.0
2024-01-03 16:00:00,20.5,86.0,18.716309,14.9086,-1.8999939,0.9700165,2.1332858,117.045975,1015.65063,0.0,0.0
2024-01-03 16:00:00,20.25,85.75,19.091309,15.361725,-2.111908,1.0881805,2.3757718,117.26022,1015.65063,0.0,0.0
2024-01-03 16:00:00,20.25,86.0,18.903809,15.457428,-2.223236,0.54130554,2.288185,103.68393,1015.60065,0.0,0.0
2024-01-03 17:00:00,20.5,85.75,17.988861,14.597931,-1.3219452,1.3129425,1.8631579,134.80424,1015.6119,0.0,0.0
2024-01-03 17:00:00,20.5,86.0,18.035736,14.574493,-1.2516327,0.8490753,1.5124527,124.15196,1015.52185,0.0,0.0
2024-01-03 17:00:00,20.25,85.75,17.86972,15.0159,-1.7819061,0.67622375,1.9059035,110.781494,1015.5469,0.0,0.0
2024-01-03 17:00:00,20.25,86.0,17.71347,15.150665,-1.8356171,0.05317688,1.8363872,91.65938,1015.45685,0.0,0.0
2024-01-03 18:00:00,20.5,85.75,19.025116,14.699341,-0.17999268,0.22753906,0.29012305,141.65457,1015.4894,0.0,0.0
2024-01-03 18:00:00,20.5,86.0,18.882538,14.796997,0.16864014,-0.33203125,0.37240332,333.0738,1015.3594,0.0,0.0
2024-01-03 18:00:00,20.25,85.75,18.331757,15.0802,-0.8635864,-0.5341797,1.0154455,58.260742,1015.3644,0.0,0.0
2024-01-03 18:00:00,20.25,86.0,18.107147,15.259888,-0.5120239,-1.0791016,1.1944157,25.383911,1015.2344,0.0,0.0
2024-01-03 19:00:00,20.5,85.75,19.38684,14.953278,0.43139648,-0.44169617,0.6174127,315.67587,1015.51624,0.0,0.0
2024-01-03 19:00:00,20.5,86.0,18.902466,14.998199,0.69311523,-0.7952118,1.0548794,318.92426,1015.4288,0.0,0.0
2024-01-03 19:00:00,20.25,85.75,18.54309,15.281403,0.1706543,-1.0676727,1.0812252,350.9188,1015.41626,0.0,0.0
2024-01-03 19:00:00,20.25,86.0,18.027466,15.392731,0.30932617,-1.4729462,1.5050758,348.13995,1015.3212,0.0,0.0
2024-01-03 20:00:00,20.5,85.75,18.341095,14.932343,0.54193115,-0.6193085,0.8229413,318.81216,1014.97876,0.0,0.0
2024-01-03 20:00:00,20.5,86.0,17.534454,14.787811,0.9286499,-1.0079803,1.3705528,317.3457,1014.9263,0.0,0.0
2024-01-03 20:00:00,20.25,85.75,17.587189,15.145233,0.35931396,-1.3058319,1.3543646,344.61517,1014.96625,0.0,0.0
2024-01-03 20:00:00,20.25,86.0,16.696564,15.074921,0.5946655,-1.7091522,1.8096488,340.81567,1014.89874,0.0,0.0
2024-01-03 21:00:00,20.5,85.75,18.00711,15.057098,0.38121033,-0.55181885,0.6706902,325.3623,1014.65,0.0,0.0
2024-01-03 21:00:00,20.5,86.0,16.75711,14.662567,0.8743744,-1.000061,1.3284023,318.83612,1014.6325,0.0,0.0
2024-01-03 21:00:00,20.25,85.75,17.471954,15.228973,0.23277283,-1.225647,1.2475551,349.24655,1014.595,0.0,0.0
2024-01-03 21:00:00,20.25,86.0,16.380157,14.963348,0.58335876,-1.7041626,1.8012434,341.1032,1014.57,0.0,0.0
2024-01-03 22:00:00,20.5,85.75,16.47583,14.195953,0.5506592,-1.2024231,1.3225154,335.39423,1014.59564,0.0,0.0
2024-01-03 22:00:00,20.5,86.0,15.003174,13.594391,0.99890137,-1.4162903,1.7331134,324.8049,1014.59564,0.0,0.0
2024-01-03 22:00:00,20.25,85.75,15.637939,14.205719,0.31433105,-1.6194153,1.6496394,349.01538,1014.4881,0.0,0.0
2024-01-03 22:00:00,20.25,86.0,14.626221,13.770172,0.62194824,-1.7893372,1.8943461,340.83328,1014.48315,0.0,0.0
2024-01-03 23:00:00,20.5,85.75,15.885498,14.127045,0.23754883,-1.754715,1.7707213,352.2903,1014.70374,0.0,0.0
2024-01-03 23:00:00,20.5,86.0,14.912842,13.67392,0.60180664,-1.7664337,1.8661349,341.18652,1014.70123,0.0,0.0
2024-01-03 23:00:00,20.25,85.75,15.248779,14.087982,0.03149414,-1.9461212,1.9463761,359.07285,1014.6337,0.0,0.0
2024-01-03 23:00:00,20.25,86.0,14.795654,13.828217,0.25317383,-1.8621368,1.8792686,352.2576,1014.6213,0.0,0.0
2024-01-04 00:00:00,20.5,85.75,16.948639,14.738007,0.5399933,-1.8771057,1.9532329,343.95087,1015.51874,0.0,0.0
2024-01-04 00:00:00,20.5,86.0,16.011139,14.198944,0.8388214,-1.8858948,2.0640302,336.02112,1015.4963,0.0,0.0
2024-01-04 00:00:00,20.25,85.75,16.388092,14.624725,0.29389954,-2.186676,2.2063384,352.34503,1015.4913,0.0,0.0
2024-01-04 00:00:00,20.25,86.0,15.66153,14.152069,0.4980011,-2.14859,2.2055485,346.95038,1015.45874,0.0,0.0
2024-01-04 01:00:00,20.5,85.75,17.360352,15.051483,0.2951355,-1.8835754,1.9065574,351.0948,1016.3825,0.0,0.3326416
2024-01-04 01:00:00,20.5,86.0,16.694336,14.709686,0.677948,-1.9050598,2.0220945,340.411,1016.3825,0.0,0.0
2024-01-04 01:00:00,20.25,85.75,16.739258,14.906952,-0.112091064,-2.2419739,2.244774,2.8622131,1016.34,0.0,0.3326416
2024-01-04 01:00:00,20.25,86.0,16.27246,14.574921,0.24533081,-2.2868958,2.3000174,353.8769,1016.34,0.0,0.0
2024-01-04 02:00:00,20.5,85.75,18.051086,15.394623,-0.010986328,-1.4736633,1.4737042,0.42712402,1017.5563,0.0,8.99353
2024-01-04 02:00:00,20.5,86.0,17.638977,15.306732,0.18237305,-1.5019836,1.5130152,353.07693,1017.5712,0.0,0.0
2024-01-04 02:00:00,20.25,85.75,18.01007,15.44931,-0.28930664,-1.6758118,1.7006009,9.7948,1017.51874,0.0,9.005737
2024-01-04 02:00:00,20.25,86.0,17.804993,15.279388,-0.12817383,-1.7617493,1.7664057,4.161133,1017.52625,0.0,0.0
2024-01-04 03:00:00,20.5,85.75,18.634186,14.553986,-0.3056183,-0.9431915,0.99147004,17.953644,1018.3181,0.0,0.0
2024-01-04 03:00:00,20.5,86.0,18.36856,14.718048,-0.2509308,-1.0379181,1.0678203,13.591248,1018.3331,0.0,0.0
2024-01-04 03:00:00,20.25,85.75,18.71817,14.835236,-0.4462433,-1.1961212,1.2766515,20.45929,1018.2531,0.0,0.0
2024-01-04 03:00:00,20.25,86.0,18.558014,14.85672,-0.42085266,-1.3621368,1.4256696,17.169312,1018.2581,0.0,0.0
2024-01-04 04:00:00,20.5,85.75,19.238556,14.6579895,-0.9042053,-0.9295654,1.2967957,44.207672,1018.21,0.0,0.0
2024-01-04 04:00:00,20.5,86.0,19.185822,14.904083,-1.0995178,-1.149292,1.590538,43.732056,1018.2525,0.0,0.0
2024-01-04 04:00:00,20.25,85.75,19.392853,14.820099,-1.0780334,-1.1834717,1.6008626,42.330627,1018.1825,0.0,0.0
2024-01-04 04:00:00,20.25,86.0,19.383087,14.945099,-1.2694397,-1.4510498,1.9279581,41.180786,1018.22,0.0,0.0
2024-01-04 05:00:00,20.5,85.75,23.440002,14.897308,-1.5012207,-1.076294,1.8471795,54.36151,1017.82935,0.0,0.0
2024-01-04 05:00:00,20.5,86.0,23.566956,15.051605,-1.7619629,-1.3712158,2.2326546,52.108795,1017.83936,0.0,0.0
2024-01-04 05:00:00,20.25,85.75,23.658752,15.065277,-1.5744629,-1.272583,2.0244508,51.052612,1017.78687,0.0,0.0
2024-01-04 05:00:00,20.25,86.0,23.762268,15.012543,-1.8703613,-1.560669,2.4359677,50.157654,1017.78436,0.0,0.0
2024-01-04 06:00:00,20.5,85.75,25.755829,15.169769,-1.8583374,-0.9995117,2.110081,61.726288,1016.6306,0.0,0.0
2024-01-04 06:00:00,20.5,86.0,25.777313,15.275238,-2.0409546,-1.3510742,2.447631,56.496155,1016.60815,0.0,0.0
2024-01-04 06:00:00,20.25,85.75,25.87497,15.427582,-1.8515015,-1.2641602,2.2419095,55.67569,1016.60815,0.0,0.0
2024-01-04 06:00:00,20.25,86.0,25.896454,15.335785,-2.0927124,-1.5571289,2.6084661,53.348083,1016.5781,0.0,0.0
2024-01-04 07:00:00,20.5,85.75,26.12381,15.086578,-2.0248566,-0.8360596,2.1906712,67.56436,1015.60565,0.0,0.0
2024-01-04 07:00:00,20.5,86.0,26.147247,15.309235,-2.1410675,-1.2247314,2.4666042,60.229614,1015.6106,0.0,0.0
2024-01-04 07:00:00,20.25,85.75,26.266388,15.336578,-2.02388,-1.1378174,2.3217921,60.655457,1015.59314,0.0,0.0
2024-01-04 07:00:00,20.25,86.0,26.260529,15.4166565,-2.21138,-1.4278564,2.6322947,57.150238,1015.59314,0.0,0.0
2024-01-04 08:00:00,20.5,85.75,26.977386,14.928192,-2.0662994,-0.6399231,2.1631215,72.79248,1014.26373,0.0,0.0
2024-01-04 08:00:00,20.5,86.0,26.965668,15.273895,-2.1717682,-1.0198059,2.3992877,64.846466,1014.26624,0.0,0.0
2024-01-04 08:00:00,20.25,85.75,27.049652,15.209442,-2.107315,-0.9104309,2.2955744,66.63403,1014.23627,0.0,0.0
2024-01-04 08:00:00,20.25,86.0,26.981293,15.428192,-2.2840729,-1.1828918,2.572202,62.62094,1014.2463,0.0,0.0
2024-01-04 09:00:00,20.5,85.75,27.352142,14.849213,-2.177063,-0.21220398,2.1873806,84.4328,1013.5737,0.0,0.0
2024-01-04 09:00:00,20.5,86.0,27.27597,15.192963,-2.2825317,-0.6262665,2.3668883,74.657104,1013.6188,0.0,0.0
2024-01-04 09:00:00,20.25,85.75,27.399017,15.2066345,-2.2161255,-0.5032196,2.2725408,77.206665,1013.59125,0.0,0.0
2024-01-04 09:00:00,20.25,86.0,27.246674,15.458588,-2.402649,-0.78349304,2.527169,71.93909,1013.64374,0.0,0.0
2024-01-04 10:00:00,20.5,85.75,24.758331,16.093658,-2.1526642,0.18318176,2.160444,94.86389,1013.0637,0.0,37.698364
2024-01-04 10:00:00,20.5,86.0,24.633331,16.324127,-2.2786407,-0.13322449,2.282532,86.65393,1013.135,0.0,24.502563
2024-01-04 10:00:00,20.25,85.75,24.871613,16.324127,-2.197586,0.11677551,2.2006865,93.04173,1013.09,0.0,45.803833
2024-01-04 10:00:00,20.25,86.0,24.627472,16.515533,-2.4221954,-0.049240112,2.4226959,88.83539,1013.18,0.0,28.57666
2024-01-04 11:00:00,20.5,85.75,24.608612,15.683563,-1.7733154,0.43650818,1.8262495,103.82864,1013.54877,0.0,10.08606
2024-01-04 11:00:00,20.5,86.0,24.362518,15.853485,-1.8758545,0.300766,1.8998132,99.109024,1013.6475,0.0,8.312988
2024-01-04 11:00:00,20.25,85.75,24.661346,16.11911,-1.7733154,0.64549255,1.8871429,110.00168,1013.5538,0.0,18.554688
2024-01-04 11:00:00,20.25,86.0,24.303925,16.253876,-2.0428467,0.6161957,2.133757,106.78519,1013.66626,0.0,15.887451
2024-01-04 12:00:00,20.5,85.75,23.577362,16.277344,-1.8377991,0.68058777,1.9597718,110.320984,1013.7612,0.0,0.0
2024-01-04 12:00:00,20.5,86.0,23.315643,16.359375,-1.938385,0.54093933,2.012449,105.59267,1013.895,0.0,0.0
2024-01-04 12:00:00,20.25,85.75,23.635956,16.722656,-1.7879944,1.0995331,2.0990229,121.589584,1013.76373,0.0,0.0
2024-01-04 12:00:00,20.25,86.0,23.360565,16.927734,-2.0086975,0.9354706,2.2158456,114.97188,1013.89874,0.0,0.0
2024-01-04 13:00:00,20.5,85.75,23.520935,16.191254,-2.0966797,1.0514832,2.3455665,116.63374,1014.5706,0.0,0.8911133
2024-01-04 13:00:00,20.5,86.0,23.128357,16.386566,-2.1865234,0.7878113,2.3241196,109.814255,1014.6756,0.0,0.66833496
2024-01-04 13:00:00,20.25,85.75,23.360779,16.884613,-1.8876953,1.283905,2.282938,124.22136,1014.6156,0.0,0.0
2024-01-04 13:00:00,20.25,86.0,22.989685,17.243988,-2.0888672,0.9333191,2.287892,114.07541,1014.7056,0.0,0.0
2024-01-04 14:00:00,20.5,85.75,22.3154,16.26297,-2.092575,1.404007,2.5199418,123.85951,1015.3869,0.0,5.1208496
2024-01-04 14:00:00,20.5,86.0,21.70993,16.534454,-2.106247,1.0026398,2.3327157,115.45593,1015.46686,0.0,2.2247314
2024-01-04 14:00:00,20.25,85.75,21.96579,17.093048,-1.8621063,1.3454132,2.2972977,125.84897,1015.4219,0.0,1.1108398
2024-01-04 14:00:00,20.25,86.0,21.500946,17.477814,-2.01445,0.88642883,2.2008555,113.75119,1015.4869,0.0,0.0
2024-01-04 15:00:00,20.5,85.75,20.983093,15.565155,-1.6568451,1.3585663,2.1426241,129.3508,1015.8225,0.0,2.444458
2024-01-04 15:00:00,20.5,86.0,20.309265,15.92453,-1.6802826,0.9591522,1.9347668,119.71893,1015.8175,0.0,1.8920898
2024-01-04 15:00:00,20.25,85.75,20.647156,16.567108,-1.5523529,1.1388397,1.9252937,126.26459,1015.825,0.0,1.5563965
2024-01-04 15:00:00,20.25,86.0,20.272156,16.965546,-1.7037201,0.7179413,1.8488109,112.85039,1015.8125,0.0,0.77819824
2024-01-04 16:00:00,20.5,85.75,20.335785,15.952667,-1.2680817,1.2025299,1.747601,133.48015,1016.3156,0.0,2.3376465
2024-01-04 16:00:00,20.5,86.0,19.712738,16.095245,-1.7006989,1.1410065,2.0479922,123.857834,1016.2656,0.0,2.3376465
2024-01-04 16:00:00,20.25,85.75,20.097504,16.792511,-1.633316,1.0609283,1.9476371,123.005936,1016.2706,0.0,0.5554199
2024-01-04 16:00:00,20.25,86.0,19.777191,16.970245,-1.9721832,0.79823303,2.1276002,112.035446,1016.21564,0.0,0.5554199
2024-01-04 17:00:00,20.5,85.75,17.985382,15.594574,-1.5274353,1.6714935,2.2642767,137.57849,1016.1863,0.0,2.444458
2024-01-04 17:00:00,20.5,86.0,18.25882,15.63559,-1.6748962,1.3052826,2.12345,127.93007,1016.1163,0.0,2.444458
2024-01-04 17:00:00,20.25,85.75,18.15335,16.09262,-2.070404,1.2974701,2.4433587,122.07434,1016.10126,0.0,1.9989014
2024-01-04 17:00:00,20.25,86.0,18.323273,16.213715,-2.2305603,0.73301697,2.3479168,108.1918,1016.02625,0.0,1.5563965
2024-01-04 18:00:00,20.5,85.75,18.7529,15.831879,-1.1290894,1.272049,1.7008678,138.40727,1015.9919,0.0,0.66833496
2024-01-04 18:00:00,20.5,86.0,19.176727,16.103363,-1.132019,0.66267395,1.3117179,120.34433,1015.89935,0.0,0.44555664
2024-01-04 18:00:00,20.25,85.75,18.670868,16.331879,-1.5890503,0.44685364,1.6506845,105.70642,1015.8819,0.0,0.22277832
2024-01-04 18:00:00,20.25,86.0,19.014618,16.665863,-1.68573,-0.16838074,1.6941185,84.29587,1015.78687,0.0,0.0
2024-01-04 19:00:00,20.5,85.75,19.513031,16.273346,-0.700943,0.22764587,0.7369829,107.992294,1015.8806,0.0,0.0
2024-01-04 19:00:00,20.5,86.0,19.309906,16.32608,-0.21168518,-0.3407135,0.40111881,31.852661,1015.8031,0.0,0.0
2024-01-04 19:00:00,20.25,85.75,19.2435,16.69522,-0.99586487,-0.75575256,1.2501636,52.80548,1015.7406,0.0,0.44555664
2024-01-04 19:00:00,20.25,86.0,19.085297,16.833893,-0.69996643,-1.1200104,1.3207483,32.003906,1015.66064,0.0,0.44555664
2024-01-04 20:00:00,20.5,85.75,18.681458,16.062225,0.006576538,-0.4290619,0.4291123,359.12186,1015.715,0.0,0.44555664
2024-01-04 20:00:00,20.5,86.0,17.294739,15.478241,0.19602966,-0.83628845,0.85895634,346.8078,1015.635,0.0,0.44555664
2024-01-04 20:00:00,20.25,85.75,17.806458,16.111053,-0.123306274,-1.0179291,1.0253702,6.90683,1015.565,0.0,0.8880615
2024-01-04 20:00:00,20.25,86.0,16.841614,15.749725,-0.08912659,-1.4232025,1.4259905,3.5834045,1015.4775,0.0,0.8880615
2024-01-04 21:00:00,20.5,85.75,17.946777,15.983002,0.26367188,-1.1221313,1.1526932,346.77686,1015.3031,0.0,0.8911133
2024-01-04 21:00:00,20.5,86.0,16.921387,15.565033,0.453125,-1.2158813,1.2975707,339.56097,1015.21313,0.0,0.8911133
2024-01-04 21:00:00,20.25,85.75,16.999512,15.947845,0.16015625,-1.3379517,1.3475031,353.174,1015.15063,0.0,7.1014404
2024-01-04 21:00:00,20.25,86.0,16.58545,15.822845,0.19335938,-1.4111938,1.4243791,352.198,1015.0531,0.0,9.09729
2024-01-04 22:00:00,20.5,85.75,15.921661,14.987762,-0.053237915,-1.6881104,1.6889497,1.8063354,1015.5275,0.0,1.3366699
2024-01-04 22:00:00,20.5,86.0,15.718536,14.911591,0.20359802,-1.7095947,1.7216755,353.20856,1015.52,0.0,10.205078
2024-01-04 22:00:00,20.25,85.75,15.827911,15.286591,-0.15187073,-1.7525635,1.7591314,4.952667,1015.44,0.0,31.954956
2024-01-04 22:00:00,20.25,86.0,15.997833,15.390106,-0.021011353,-1.6890869,1.6892177,0.712677,1015.425,0.0,41.29944
2024-01-04 23:00:00,20.5,85.75,15.939178,15.019623,-0.07481384,-1.8010254,1.8025786,2.378662,1015.59814,0.0,1.1077881
2024-01-04 23:00:00,20.5,86.0,15.716522,14.86142,0.22206116,-1.8234863,1.8369577,353.0568,1015.5681,0.0,1.1077881
2024-01-04 23:00:00,20.25,85.75,15.939178,15.33017,-0.22911072,-1.8449707,1.8591418,7.078827,1015.52563,0.0,1.1108398
2024-01-04 23:00:00,20.25,86.0,16.040741,15.337982,-0.045516968,-1.8098145,1.8103868,1.4406738,1015.4881,0.0,1.1108398
2024-01-05 00:00:00,20.5,85.75,17.082458,15.394287,0.04107666,-1.8705597,1.8710107,358.742,1015.7225,0.0,0.44555664
2024-01-05 00:00:00,20.5,86.0,16.842224,15.234131,0.29205322,-1.7855988,1.8093252,350.71094,1015.6825,0.0,0.44555664
2024-01-05 00:00:00,20.25,85.75,17.025818,15.667725,-0.20013428,-1.8373566,1.8482243,6.2164307,1015.5975,0.0,0.0
2024-01-05 00:00:00,20.25,86.0,17.090271,15.648193,-0.06048584,-1.7045441,1.7056168,2.0322876,1015.555,0.0,0.0
2024-01-05 01:00:00,20.5,85.75,17.026306,15.5651245,0.46899414,-1.8038788,1.8638493,345.4262,1016.8375,0.0,0.8911133
2024-01-05 01:00:00,20.5,86.0,16.825134,15.432312,0.51782227,-1.6495819,1.7289478,342.57233,1016.75,0.0,0.8911133
2024-01-05 01:00:00,20.25,85.75,16.99701,15.850281,0.14770508,-1.8361053,1.8420368,355.40076,1016.7425,0.0,0.0
2024-01-05 01:00:00,20.25,86.0,17.043884,15.817078,0.10668945,-1.6456757,1.6491303,356.2907,1016.6475,0.0,0.0
2024-01-05 02:00:00,20.5,85.75,19.005829,16.17514,0.49020386,-1.6289215,1.7010835,343.25146,1017.4281,0.0,0.44555664
2024-01-05 02:00:00,20.5,86.0,18.697235,15.92514,0.44625854,-1.6826324,1.740804,345.1463,1017.3856,0.0,0.44555664
2024-01-05 02:00:00,20.25,85.75,18.99997,16.415375,0.18746948,-2.0214996,2.0301738,354.70166,1017.3631,0.0,0.0
2024-01-05 02:00:00,20.25,86.0,18.761688,16.1185,0.086883545,-2.0781403,2.0799558,357.60596,1017.3106,0.0,0.0
2024-01-05 03:00:00,20.5,85.75,19.50174,15.3958435,0.0009613037,-1.0758362,1.0758367,359.9488,1018.1431,0.0,0.0
2024-01-05 03:00:00,20.5,86.0,19.286896,15.513031,-0.07032776,-1.1236877,1.1258863,3.5812683,1018.09564,0.0,0.0
2024-01-05 03:00:00,20.25,85.75,19.55838,15.835297,-0.15724182,-1.4381409,1.4467115,6.239746,1018.04315,0.0,0.0
2024-01-05 03:00:00,20.25,86.0,19.359161,15.8020935,-0.261734,-1.5172424,1.5396523,9.787537,1017.9881,0.0,0.0
2024-01-05 04:00:00,20.5,85.75,19.973907,14.922211,-0.5392151,-1.1688385,1.2872204,24.765076,1018.3744,0.0,0.0
2024-01-05 04:00:00,20.5,86.0,19.960236,15.305023,-0.6476135,-1.3465729,1.4942094,25.68451,1018.3169,0.0,0.0
2024-01-05 04:00:00,20.25,85.75,20.184845,15.14682,-0.6905823,-1.5086823,1.6592245,24.595398,1018.2369,0.0,0.0
2024-01-05 04:00:00,20.25,86.0,20.14383,15.398773,-0.82925415,-1.6698151,1.8643886,26.409668,1018.1744,0.0,0.0
2024-01-05 05:00:00,20.5,85.75,24.104034,15.381805,-1.226532,-1.3170776,1.7997428,42.961273,1017.79126,0.0,0.44555664
2024-01-05 05:00:00,20.5,86.0,24.236847,15.791962,-1.3173523,-1.5944214,2.0682352,39.564392,1017.72626,0.0,0.44555664
2024-01-05 05:00:00,20.25,85.75,24.35794,15.686493,-1.3017273,-1.5621948,2.0334568,39.803345,1017.65625,0.0,0.0
2024-01-05 05:00:00,20.25,86.0,24.441925,15.92868,-1.4364929,-1.7994995,2.3025444,38.599426,1017.58124,0.0,0.0
2024-01-05 06:00:00,20.5,85.75,26.12033,15.120392,-1.7542877,-1.4109039,2.2512608,51.19165,1016.6344,0.0,0.0
2024-01-05 06:00:00,20.5,86.0,26.139862,15.479767,-1.8128815,-1.7302399,2.5060465,46.33612,1016.5619,0.0,0.0
2024-01-05 06:00:00,20.25,85.75,26.30783,15.464142,-1.7279205,-1.6277008,2.3738406,46.710693,1016.51685,0.0,0.0
2024-01-05 06:00:00,20.25,86.0,26.294159,15.66922,-1.8421783,-1.8767242,2.6297746,44.467773,1016.4494,0.0,0.0
2024-01-05 07:00:00,20.5,85.75,26.69049,14.844147,-2.2557373,-1.2088623,2.559238,61.812866,1015.3219,0.0,0.0
2024-01-05 07:00:00,20.5,86.0,26.715881,15.258209,-2.3006592,-1.5184326,2.7565684,56.575226,1015.2944,0.0,0.0
2024-01-05 07:00:00,20.25,85.75,26.856506,15.211334,-2.1883545,-1.4158936,2.6064632,57.09662,1015.2644,0.0,0.0
2024-01-05 07:00:00,20.25,86.0,26.825256,15.476959,-2.3016357,-1.6375732,2.824743,54.568817,1015.2444,0.0,0.0
2024-01-05 08:00:00,20.5,85.75,27.765411,14.42923,-2.5854492,-0.7654114,2.6963682,73.50882,1014.2994,0.0,0.0
2024-01-05 08:00:00,20.5,86.0,27.732208,14.876495,-2.6362305,-1.0906067,2.8529167,67.52515,1014.28436,0.0,0.0
2024-01-05 08:00:00,20.25,85.75,27.868927,14.819855,-2.5385742,-0.9187317,2.6997087,70.10437,1014.2469,0.0,0.0
2024-01-05 08:00:00,20.25,86.0,27.75174,15.140167,-2.668457,-1.1452942,2.903853,66.77112,1014.2431,0.0,0.0
2024-01-05 09:00:00,20.5,85.75,28.017914,14.502411,-2.7601776,-0.3652649,2.7842412,82.46161,1013.71,0.0,0.0
2024-01-05 09:00:00,20.5,86.0,27.961273,14.863739,-2.835373,-0.6963196,2.9196236,76.20218,1013.72626,0.0,0.0
2024-01-05 09:00:00,20.25,85.75,28.12143,14.873505,-2.759201,-0.42092896,2.7911239,81.32611,1013.68,0.0,0.0
2024-01-05 09:00:00,20.25,86.0,27.949554,15.197723,-2.915451,-0.6543274,2.9879758,77.350464,1013.71124,0.0,0.0
2024-01-05 10:00:00,20.5,85.75,25.350494,15.872284,-2.3516693,-0.066589355,2.352612,88.37805,1013.1406,0.0,0.0
2024-01-05 10:00:00,20.5,86.0,25.352448,16.274628,-2.4219818,-0.38104248,2.4517727,81.05911,1013.1781,0.0,0.0
2024-01-05 10:00:00,20.25,85.75,25.483307,16.190643,-2.3028412,0.002746582,2.3028429,90.068344,1013.1156,0.0,0.0
2024-01-05 10:00:00,20.25,86.0,25.344635,16.567596,-2.488388,-0.1876831,2.495456,85.68671,1013.1719,0.0,0.0
2024-01-05 11:00:00,20.5,85.75,25.09967,15.982605,-1.6822205,0.10160828,1.6852863,93.45654,1013.55,0.0,0.0
2024-01-05 11:00:00,20.5,86.0,24.902405,16.15448,-1.8189392,-0.0448761,1.8194927,88.5867,1013.6125,0.0,0.0
2024-01-05 11:00:00,20.25,85.75,25.164124,16.502136,-1.589447,0.4053192,1.6403127,104.30591,1013.51624,0.0,0.0
2024-01-05 11:00:00,20.25,86.0,24.843811,16.699402,-1.9107361,0.3379364,1.94039,100.029724,1013.59375,0.0,0.0
2024-01-05 12:00:00,20.5,85.75,24.076508,16.530182,-1.8821716,0.50860596,1.9496795,105.121475,1014.39435,0.0,0.0
2024-01-05 12:00:00,20.5,86.0,23.95932,16.629791,-1.9251404,0.29864502,1.948167,98.81796,1014.5081,0.0,0.0
2024-01-05 12:00:00,20.25,85.75,24.170258,17.14151,-1.7454529,1.0076294,2.0154214,119.997345,1014.3756,0.0,0.0
2024-01-05 12:00:00,20.25,86.0,23.998383,17.395416,-1.9524841,0.7527466,2.0925634,111.0833,1014.4931,0.0,0.0
2024-01-05 13:00:00,20.5,85.75,24.409576,16.817047,-2.0507202,0.6439209,2.1494389,107.43216,1015.3681,0.0,0.0
2024-01-05 13:00:00,20.5,86.0,23.933014,17.027985,-2.111267,0.36364746,2.1423557,99.77281,1015.4506,0.0,0.0
2024-01-05 13:00:00,20.25,85.75,24.202545,17.78775,-1.8300171,1.0179443,2.0940804,119.084946,1015.3606,0.0,0.0
2024-01-05 13:00:00,20.25,86.0,23.772858,18.129547,-2.0575562,0.60876465,2.145724,106.4818,1015.4344,0.0,0.0
2024-01-05 14:00:00,20.5,85.75,23.059143,17.04721,-1.9465027,1.0009613,2.1887887,117.21385,1016.1256,0.0,0.0
2024-01-05 14:00:00,20.5,86.0,22.225159,17.191742,-1.9396667,0.6650238,2.0505033,108.92453,1016.16565,0.0,0.0
2024-01-05 14:00:00,20.25,85.75,22.660706,18.189789,-1.7541199,1.0214691,2.029861,120.21335,1016.15063,0.0,0.0
2024-01-05 14:00:00,20.25,86.0,22.045471,18.363617,-1.9074402,0.5712738,1.9911509,106.67284,1016.1844,0.0,0.0
2024-01-05 15:00:00,20.5,85.75,21.153717,15.956024,-1.7569275,1.0732422,2.0587964,121.419235,1016.7569,0.0,0.0
2024-01-05 15:00:00,20.5,86.0,20.403717,16.243134,-1.7413025,0.73339844,1.8894464,112.83977,1016.7606,0.0,0.0
2024-01-05 15:00:00,20.25,85.75,20.835358,17.227509,-1.711029,0.8251953,1.899623,115.7471,1016.7506,0.0,0.0
2024-01-05 15:00:00,20.25,86.0,20.43692,17.448212,-1.8164978,0.42285156,1.8650651,103.10417,1016.7481,0.0,0.0
2024-01-05 16:00:00,20.5,85.75,20.39331,16.464508,-1.4711151,1.0544739,1.8099985,125.632416,1017.0062,0.0,0.0
2024-01-05 16:00:00,20.5,86.0,19.803467,16.423492,-1.7728729,0.8552551,1.968385,115.753235,1016.96625,0.0,0.0
2024-01-05 16:00:00,20.25,85.75,20.207764,17.45279,-1.6898651,0.728302,1.8401271,113.3152,1016.98126,0.0,0.0
2024-01-05 16:00:00,20.25,86.0,19.949951,17.39029,-1.8988495,0.39627075,1.9397577,101.78787,1016.9375,0.0,0.0
2024-01-05 17:00:00,20.5,85.75,18.615143,16.262848,-1.829483,1.4327393,2.3237362,128.06589,1017.0087,0.0,0.0
2024-01-05 17:00:00,20.5,86.0,18.454987,16.163239,-2.1810455,1.0030518,2.40064,114.69748,1016.9288,0.0,0.0
2024-01-05 17:00:00,20.25,85.75,18.621002,16.796051,-2.3324127,0.84680176,2.4813752,109.95386,1016.9338,0.0,0.0
2024-01-05 17:00:00,20.25,86.0,18.41397,16.760895,-2.4896393,0.25891113,2.5030658,95.93718,1016.84875,0.0,0.0
2024-01-05 18:00:00,20.5,85.75,19.700775,16.574982,-1.5744324,1.1468658,1.9478549,126.070786,1016.8681,0.0,0.0
2024-01-05 18:00:00,20.5,86.0,19.09726,16.362091,-1.9054871,0.5833893,1.992793,107.02266,1016.77435,0.0,0.0
2024-01-05 18:00:00,20.25,85.75,19.130463,17.018341,-2.0236511,0.1976471,2.0332801,95.57831,1016.77435,0.0,0.0
2024-01-05 18:00:00,20.25,86.0,18.358978,16.78006,-2.342987,-0.39024353,2.3752637,80.5437,1016.6769,0.0,0.0
2024-01-05 19:00:00,20.5,85.75,20.20163,16.811584,-0.9992218,0.6645813,1.2000469,123.62784,1016.795,0.0,0.0
2024-01-05 19:00:00,20.5,86.0,19.10202,16.419006,-1.322464,0.104034424,1.3265498,94.49805,1016.6925,0.0,0.0
2024-01-05 19:00:00,20.25,85.75,19.25241,17.07135,-1.3839874,-0.5014343,1.472025,70.083984,1016.7225,0.0,0.0
2024-01-05 19:00:00,20.25,86.0,18.180145,16.667053,-1.7873077,-1.0014343,2.0487409,60.737915,1016.61,0.0,0.0
2024-01-05 20:00:00,20.5,85.75,19.397095,16.502655,-0.33309937,-0.11164856,0.35131267,71.46982,1016.38873,0.0,0.5584717
2024-01-05 20:00:00,20.5,86.0,18.41272,16.092499,-0.5918884,-0.64875793,0.87819064,42.37549,1016.3013,0.0,0.22277832
2024-01-05 20:00:00,20.25,85.75,18.477173,16.656952,-0.69833374,-0.8509064,1.1007777,39.37549,1016.27625,0.0,0.10986328
2024-01-05 20:00:00,20.25,86.0,17.514282,16.23117,-1.1768494,-1.2220001,1.6965432,43.92169,1016.1838,0.0,0.0
2024-01-05 21:00:00,20.5,85.75,18.577728,16.235687,0.08187866,-1.2107086,1.2134742,356.13104,1016.2369,0.0,1.0009766
2024-01-05 21:00:00,20.5,86.0,17.401947,15.735687,0.052581787,-1.4079742,1.4089557,357.86124,1016.1294,0.0,1.0009766
2024-01-05 21:00:00,20.25,85.75,17.411713,16.169281,-0.07437134,-1.4646149,1.466502,2.9069214,1016.03436,0.0,1.0009766
2024-01-05 21:00:00,20.25,86.0,16.800385,15.888031,-0.3380432,-1.6687164,1.702612,11.451813,1015.9169,0.0,1.0009766
2024-01-05 22:00:00,20.5,85.75,15.915497,14.851898,-0.44334412,-1.4763947,1.5415236,16.714386,1016.33124,0.0,4.8950195
2024-01-05 22:00:00,20.5,86.0,15.870575,14.879242,-0.22557068,-1.4861603,1.5031815,8.630524,1016.29877,0.0,4.1137695
2024-01-05 22:00:00,20.25,85.75,15.778778,15.236664,-0.38182068,-1.6599884,1.7033346,12.953522,1016.2388,0.0,3.1097412
2024-01-05 22:00:00,20.25,86.0,16.034637,15.410492,-0.34080505,-1.638504,1.6735721,11.749847,1016.1863,0.0,2.7770996
2024-01-05 23:00:00,20.5,85.75,16.509857,15.330658,-1.372467,-1.2874146,1.8817816,46.83145,1015.7475,0.0,7.449341
2024-01-05 23:00:00,20.5,86.0,15.984467,15.02597,-1.0492249,-1.6565552,1.9608793,32.349243,1015.755,0.0,6.5582275
2024-01-05 23:00:00,20.25,85.75,15.951263,15.414642,-1.106842,-1.8587036,2.1633027,30.773438,1015.7375,0.0,4.7790527
2024-01-05 23:00:00,20.25,86.0,15.847748,15.334564,-1.0013733,-2.092102,2.319405,25.57785,1015.73,0.0,4.5562744
2024-01-06 00:00:00,20.5,85.75,17.419037,16.192871,-0.9708557,-1.3239441,1.6417639,36.252808,1015.7681,0.0,2.444458
2024-01-06 00:00:00,20.5,86.0,16.840912,15.763184,-0.93569946,-1.6608582,1.9063009,29.39618,1015.65814,0.0,2.444458
2024-01-06 00:00:00,20.25,85.75,16.72763,16.126465,-0.9552307,-1.8132019,2.0494308,27.781128,1015.65564,0.0,1.5563965
2024-01-06 00:00:00,20.25,86.0,16.5206,15.89209,-1.1632385,-2.0846863,2.3872664,29.161163,1015.53815,0.0,1.5563965
2024-01-06 01:00:00,20.5,85.75,16.679688,15.761505,0.43304443,-1.5641937,1.6230309,344.52533,1016.9969,0.0,4.776001
2024-01-06 01:00:00,20.5,86.0,16.517578,15.58963,0.27386475,-1.4616547,1.4870899,349.38776,1016.8619,0.0,28.503418
2024-01-06 01:00:00,20.25,85.75,16.439453,15.915802,0.27679443,-1.5358734,1.560616,349.78384,1016.83185,0.0,3.4454346
2024-01-06 01:00:00,20.25,86.0,16.519531,15.865021,-0.0025024414,-1.5319672,1.5319692,0.093566895,1016.6844,0.0,26.803589
2024-01-06 02:00:00,20.5,85.75,18.669281,16.509766,0.25682068,-1.8220978,1.8401079,351.9771,1017.5656,0.0,13.131714
2024-01-06 02:00:00,20.5,86.0,18.397797,16.34961,0.005844116,-1.9324493,1.9324582,359.82672,1017.5181,0.0,23.971558
2024-01-06 02:00:00,20.25,85.75,18.722015,16.710938,0.1962738,-2.1043243,2.113458,354.67133,1017.4306,0.0,4.6691895
2024-01-06 02:00:00,20.25,86.0,18.55014,16.576172,-0.13282776,-2.1883087,2.1923363,3.4735107,1017.3631,0.0,19.128418
2024-01-06 03:00:00,20.5,85.75,19.291077,15.901093,-0.34703064,-1.3263397,1.3709878,14.662476,1018.40686,0.0,41.983032
2024-01-06 03:00:00,20.5,86.0,19.169983,16.188202,-0.47886658,-1.4288788,1.5069864,18.527771,1018.3569,0.0,37.649536
2024-01-06 03:00:00,20.25,85.75,19.38092,16.190155,-0.35679626,-1.6613007,1.6991832,12.121216,1018.27435,0.0,5.895996
2024-01-06 03:00:00,20.25,86.0,19.291077,16.426483,-0.54429626,-1.7863007,1.8673855,16.94629,1018.20685,0.0,2.2247314
2024-01-06 04:00:00,20.5,85.75,19.745941,15.870453,-1.339386,-1.2860413,1.8568406,46.164,1018.5469,0.0,70.947266
2024-01-06 04:00:00,20.5,86.0,19.810394,16.220062,-1.3921204,-1.5565491,2.0882635,41.80829,1018.5144,0.0,55.41992
2024-01-06 04:00:00,20.25,85.75,19.990082,16.063812,-1.2866516,-1.6073303,2.0588791,38.67691,1018.4269,0.0,49.560547
2024-01-06 04:00:00,20.25,86.0,20.0643,16.376312,-1.4165344,-1.8700256,2.345968,37.143738,1018.3794,0.0,27.999878
2024-01-06 05:00:00,20.5,85.75,24.50534,16.752075,-2.0769348,-1.0289307,2.3178344,63.645813,1017.7681,0.0,74.60022
2024-01-06 05:00:00,20.5,86.0,24.833466,17.052856,-2.1140442,-1.3463135,2.5063405,57.509277,1017.71814,0.0,76.26343
2024-01-06 05:00:00,20.25,85.75,24.868622,16.834106,-2.033966,-1.2955322,2.4115186,57.504944,1017.65564,0.0,48.791504
2024-01-06 05:00:00,20.25,86.0,25.1362,17.04895,-2.141388,-1.5670166,2.653504,53.8042,1017.59814,0.0,49.572754
2024-01-06 06:00:00,20.5,85.75,26.109528,15.747101,-2.2362518,-0.81217957,2.3791716,70.03958,1016.7569,0.0,80.92651
2024-01-06 06:00:00,20.5,86.0,26.339996,15.94046,-2.291916,-1.0885468,2.5372846,64.594604,1016.6919,0.0,73.272705
2024-01-06 06:00:00,20.25,85.75,26.42398,15.813507,-2.2967987,-0.9488983,2.485094,67.55255,1016.6244,0.0,39.154053
2024-01-06 06:00:00,20.25,86.0,26.631012,15.893585,-2.412033,-1.1578827,2.6755552,64.35693,1016.5669,0.0,31.472778
2024-01-06 07:00:00,20.5,85.75,26.865875,15.261932,-2.105423,-0.80303955,2.2533705,69.122406,1015.9369,0.0,94.66858
2024-01-06 07:00:00,20.5,86.0,27.03189,15.517792,-2.2265167,-1.0540161,2.4633975,64.66748,1015.8569,0.0,92.78259
2024-01-06 07:00:00,20.25,85.75,27.233063,15.34787,-2.1894073,-0.82159424,2.3384871,69.43097,1015.8069,0.0,81.35071
2024-01-06 07:00:00,20.25,86.0,27.340485,15.461151,-2.4013214,-0.9768677,2.5924149,67.86328,1015.7344,0.0,69.25354
2024-01-06 08:00:00,20.5,85.75,27.814972,14.715668,-2.0581055,-0.828537,2.218619,68.071625,1014.84937,0.0,51.916504
2024-01-06 08:00:00,20.5,86.0,27.877472,15.057465,-2.2270508,-1.1136932,2.4899936,63.431488,1014.8144,0.0,51.245117
2024-01-06 08:00:00,20.25,85.75,28.104034,14.856293,-2.1245117,-0.7914276,2.2671363,69.56851,1014.7344,0.0,29.684448
2024-01-06 08:00:00,20.25,86.0,28.086456,15.059418,-2.3999023,-0.9681854,2.5878396,68.02951,1014.71185,0.0,29.684448
2024-01-06 09:00:00,20.5,85.75,27.993652,14.567657,-2.0980377,-0.67152405,2.202886,72.25156,1014.41187,0.0,53.57666
2024-01-06 09:00:00,20.5,86.0,27.9917,14.95047,-2.3187408,-0.9781647,2.5166178,67.12744,1014.39685,0.0,53.24707
2024-01-06 09:00:00,20.25,85.75,28.26123,14.714142,-2.1771393,-0.5973053,2.2575893,74.6582,1014.34436,0.0,34.017944
2024-01-06 09:00:00,20.25,86.0,28.140137,14.985626,-2.5091705,-0.8131256,2.6376333,72.044495,1014.34686,0.0,29.467773
2024-01-06 10:00:00,20.5,85.75,25.43631,15.581787,-1.8899078,-0.19400024,1.8998388,84.13907,1014.3844,0.0,2.6733398
2024-01-06 10:00:00,20.5,86.0,25.37967,16.130615,-2.1184235,-0.49282837,2.1749938,76.90369,1014.40436,0.0,3.451538
2024-01-06 10:00:00,20.25,85.75,25.612091,15.8220215,-1.9270172,-0.08657837,1.9289612,87.42749,1014.3769,0.0,0.44555664
2024-01-06 10:00:00,20.25,86.0,25.420685,16.316162,-2.2922516,-0.28286743,2.3096387,82.96515,1014.4194,0.0,0.5554199
2024-01-06 11:00:00,20.5,85.75,25.035797,16.170929,-1.3661652,0.18963623,1.379264,97.90268,1014.71375,0.0,0.0
2024-01-06 11:00:00,20.5,86.0,24.861969,16.088898,-1.5995636,0.074401855,1.6012931,92.66313,1014.7512,0.0,0.0
2024-01-06 11:00:00,20.25,85.75,25.172516,16.442413,-1.3944855,0.42401123,1.4575237,106.91258,1014.70374,0.0,0.0
2024-01-06 11:00:00,20.25,86.0,24.869781,16.385773,-1.8251495,0.36444092,1.8611792,101.29216,1014.7612,0.0,0.0
2024-01-06 12:00:00,20.5,85.75,23.86081,15.874725,-1.9074402,0.74794006,2.0488393,111.41101,1015.345,0.0,0.0
2024-01-06 12:00:00,20.5,86.0,23.690887,15.954803,-1.8918152,0.520401,1.9620861,105.38054,1015.4475,0.0,0.0
2024-01-06 12:00:00,20.25,85.75,24.063934,16.33371,-1.7570496,1.0702057,2.0573194,121.34529,1015.34,0.0,0.0
2024-01-06 12:00:00,20.25,86.0,23.890106,16.601288,-1.9718933,0.7918854,2.1249578,111.879715,1015.4525,0.0,0.0
2024-01-06 13:00:00,20.5,85.75,23.965668,15.691742,-1.9549103,0.96733093,2.1811473,116.32718,1016.01373,0.0,0.44555664
2024-01-06 13:00:00,20.5,86.0,23.625824,15.935883,-2.1111603,0.7602997,2.2438924,109.80565,1016.10376,0.0,0.22277832
2024-01-06 13:00:00,20.25,85.75,23.951996,16.611664,-1.9607697,1.1685028,2.282546,120.79245,1016.01624,0.0,0.0
2024-01-06 13:00:00,20.25,86.0,23.614105,17.045258,-2.2537384,0.82572937,2.4002428,110.12193,1016.10126,0.0,0.0
2024-01-06 14:00:00,20.5,85.75,22.619415,16.017181,-1.9853363,1.1355133,2.2871273,119.76741,1016.8119,0.0,1.0009766
2024-01-06 14:00:00,20.5,86.0,21.8909,16.314056,-2.0087738,0.8210602,2.170095,112.23166,1016.8544,0.0,1.0009766
2024-01-06 14:00:00,20.25,85.75,22.38504,17.173431,-1.9677582,0.9997711,2.2071733,116.93405,1016.8219,0.0,0.5554199
2024-01-06 14:00:00,20.25,86.0,21.8284,17.53476,-2.1269379,0.59059143,2.207411,105.51851,1016.8569,0.0,0.5554199
2024-01-06 15:00:00,20.5,85.75,20.792511,15.355621,-1.7369537,1.1625977,2.0901296,123.79564,1017.2438,0.0,2.5543213
2024-01-06 15:00:00,20.5,86.0,19.95462,15.709137,-1.7223053,0.8364258,1.9146655,115.90323,1017.2512,0.0,2.5543213
2024-01-06 15:00:00,20.25,85.75,20.698761,16.584137,-1.80336,0.85009766,1.9936833,115.239044,1017.22375,0.0,1.6693115
2024-01-06 15:00:00,20.25,86.0,20.14798,16.92398,-1.8951569,0.48291016,1.9557152,104.29549,1017.22626,0.0,1.6693115
2024-01-06 16:00:00,20.5,85.75,19.972687,15.856232,-1.4664764,1.0309448,1.792596,125.10753,1017.4856,0.0,2.444458
2024-01-06 16:00:00,20.5,86.0,19.334015,16.002716,-1.6793671,0.80145264,1.8608062,115.512115,1017.4581,0.0,2.6672363
2024-01-06 16:00:00,20.25,85.75,19.976593,16.928497,-1.6217499,0.7223511,1.7753489,114.008896,1017.4431,0.0,1.1108398
2024-01-06 16:00:00,20.25,86.0,19.626984,17.080841,-1.7965546,0.39813232,1.8401406,102.495316,1017.41315,0.0,1.1108398
2024-01-06 17:00:00,20.5,85.75,18.32837,15.545807,-1.8162689,1.2376709,2.1978767,124.27193,1017.47437,0.0,1.0009766
2024-01-06 17:00:00,20.5,86.0,18.181885,15.467682,-2.1492767,0.8236084,2.301678,110.966965,1017.3894,0.0,0.66833496
2024-01-06 17:00:00,20.25,85.75,18.42212,16.245026,-2.2264252,0.89294434,2.398816,111.854065,1017.3894,0.0,0.10986328
2024-01-06 17:00:00,20.25,86.0,18.213135,16.245026,-2.373886,0.3421631,2.3984184,98.201935,1017.3019,0.0,0.0
2024-01-06 18:00:00,20.5,85.75,19.787872,15.501312,-1.5131989,1.0908356,1.8653935,125.78711,1017.54565,0.0,3.0029297
2024-01-06 18:00:00,20.5,86.0,19.039825,15.45639,-1.992691,0.58399963,2.076505,106.334335,1017.4231,0.0,1.3366699
2024-01-06 18:00:00,20.25,85.75,18.944122,16.08139,-1.9311676,0.21876526,1.9435191,96.463,1017.4456,0.0,1.2237549
2024-01-06 18:00:00,20.25,86.0,18.094513,16.016937,-2.414566,-0.26463318,2.4290245,83.74542,1017.3206,0.0,0.0
2024-01-06 19:00:00,20.5,85.75,20.132172,15.782013,-0.09126282,0.07809448,0.12011515,130.55394,1017.10315,0.0,2.4505615
2024-01-06 19:00:00,20.5,86.0,19.864594,15.889435,-0.8256378,-0.13284302,0.83625656,80.85959,1016.9581,0.0,2.1148682
2024-01-06 19:00:00,20.25,85.75,19.321625,16.276154,-0.6068878,-1.0537415,1.2160115,29.939209,1016.98315,0.0,1.1108398
2024-01-06 19:00:00,20.25,86.0,19.007172,16.371857,-1.4027863,-1.2461243,1.8763355,48.384644,1016.83563,0.0,1.2237549
2024-01-06 20:00:00,20.5,85.75,19.265747,15.801239,0.3558197,-0.33735657,0.49032348,313.47424,1016.8331,0.0,6.1157227
2024-01-06 20:00:00,20.5,86.0,19.082153,15.863739,0.24546814,-0.71528625,0.75623345,341.05908,1016.6931,0.0,4.888916
2024-01-06 20:00:00,20.25,85.75,18.341919,16.105927,0.23179626,-0.91645813,0.94531745,345.80606,1016.71063,0.0,3.8909912
2024-01-06 20:00:00,20.25,86.0,18.259888,16.23288,-0.07484436,-1.3852081,1.3872286,3.092743,1016.5631,0.0,3.7780762
2024-01-06 21:00:00,20.5,85.75,17.77658,15.795807,0.8320465,-1.083435,1.3660648,322.47678,1016.3931,0.0,3.6743164
2024-01-06 21:00:00,20.5,86.0,17.43869,15.653229,0.7197418,-1.1332397,1.342483,327.5796,1016.27563,0.0,3.6743164
2024-01-06 21:00:00,20.25,85.75,17.266815,15.912994,0.6416168,-1.2387085,1.3950164,332.6171,1016.2481,0.0,1.4434814
2024-01-06 21:00:00,20.25,86.0,17.354706,16.006744,0.40919495,-1.4096069,1.4677985,343.8125,1016.1181,0.0,1.4434814
2024-01-06 22:00:00,20.5,85.75,15.6163025,14.333832,0.80329895,-1.6642303,1.8479588,334.2341,1016.6731,0.0,1.1077881
2024-01-06 22:00:00,20.5,86.0,15.628021,14.357269,0.76716614,-1.4161835,1.610627,331.555,1016.6456,0.0,1.1077881
2024-01-06 22:00:00,20.25,85.75,15.786224,14.829926,0.640213,-1.5538788,1.6805987,337.60785,1016.54565,0.0,1.5563965
2024-01-06 22:00:00,20.25,86.0,15.922943,14.919769,0.49568176,-1.298996,1.3903564,339.1137,1016.5031,0.0,1.5563965
2024-01-06 23:00:00,20.5,85.75,15.754364,14.220215,0.24446106,-1.8735352,1.8894167,352.56598,1016.40436,0.0,3.8909912
2024-01-06 23:00:00,20.5,86.0,15.619598,14.145996,0.45832825,-1.6674805,1.7293224,344.63104,1016.39935,0.0,2.7832031
2024-01-06 23:00:00,20.25,85.75,15.811005,14.683105,0.18000793,-1.7866211,1.7956663,354.24667,1016.3194,0.0,1.6693115
2024-01-06 23:00:00,20.25,86.0,15.939911,14.708496,0.26985168,-1.5385742,1.5620598,350.05203,1016.3019,0.0,0.5554199
2024-01-07 00:00:00,20.5,85.75,16.837921,15.076416,-0.0705719,-1.8196259,1.8209939,2.2210083,1017.0206,0.0,0.5584717
2024-01-07 00:00:00,20.5,86.0,16.75003,14.937744,0.22044373,-1.6829071,1.6972836,352.53732,1017.0156,0.0,0.44555664
2024-01-07 00:00:00,20.25,85.75,16.683624,15.402588,-0.14381409,-1.8166962,1.8223796,4.526245,1016.9356,0.0,0.10986328
2024-01-07 00:00:00,20.25,86.0,16.859406,15.355713,0.06907654,-1.6301727,1.6316355,357.5736,1016.9231,0.0,0.0
2024-01-07 01:00:00,20.5,85.75,16.803253,14.999847,-0.21434021,-1.8220825,1.8346461,6.709137,1017.8269,0.0,0.44555664
2024-01-07 01:00:00,20.5,86.0,16.758331,14.847504,-0.1391449,-1.8132935,1.8186244,4.3880615,1017.8144,0.0,0.44555664
2024-01-07 01:00:00,20.25,85.75,16.61966,15.261566,-0.30418396,-1.6697388,1.6972198,10.3246155,1017.7294,0.0,0.0
2024-01-07 01:00:00,20.25,86.0,16.756378,15.179535,-0.25242615,-1.6189575,1.6385183,8.862122,1017.70935,0.0,0.0
2024-01-07 02:00:00,20.5,85.75,18.663452,15.679901,-0.63797,-1.8637695,1.9699347,18.896118,1018.68,0.0,0.0
2024-01-07 02:00:00,20.5,86.0,18.575562,15.494354,-0.7590637,-1.9643555,2.1059132,21.127441,1018.68,0.0,0.0
2024-01-07 02:00:00,20.25,85.75,18.667358,15.968964,-0.6838684,-2.1118164,2.2197847,17.943481,1018.5775,0.0,0.0
2024-01-07 02:00:00,20.25,86.0,18.620483,15.72287,-0.8215637,-2.1987305,2.3472073,20.488373,1018.5675,0.0,0.0
2024-01-07 03:00:00,20.5,85.75,19.912628,15.204681,-1.1334381,-1.4325409,1.8267062,38.35132,1019.26624,0.0,0.0
2024-01-07 03:00:00,20.5,86.0,19.891144,15.501556,-1.3092194,-1.6425018,2.1004446,38.557922,1019.2488,0.0,0.0
2024-01-07 03:00:00,20.25,85.75,19.916534,15.56015,-1.0865631,-1.7401581,2.0515285,31.980835,1019.1287,0.0,0.0
2024-01-07 03:00:00,20.25,86.0,19.930206,15.74765,-1.2691803,-1.9130096,2.2957406,33.562164,1019.09625,0.0,0.0
2024-01-07 04:00:00,20.5,85.75,20.417694,15.417603,-2.2976685,-1.699997,2.8581934,53.50305,1019.72314,0.0,0.0
2024-01-07 04:00:00,20.5,86.0,20.407928,15.870728,-2.3816528,-2.043747,3.138339,49.366394,1019.7031,0.0,0.0
2024-01-07 04:00:00,20.25,85.75,20.597382,15.571899,-2.09552,-1.8787079,2.8143823,48.12265,1019.59314,0.0,0.44555664
2024-01-07 04:00:00,20.25,86.0,20.65207,15.993774,-2.227356,-2.1638641,3.1053863,45.82837,1019.5631,0.0,0.22277832
2024-01-07 05:00:00,20.5,85.75,24.454987,16.265106,-2.896164,-1.5775757,3.2979555,61.422302,1019.56,0.0,0.0
2024-01-07 05:00:00,20.5,86.0,24.501862,16.620575,-2.9069061,-1.9213257,3.4844792,56.53717,1019.5225,0.0,0.0
2024-01-07 05:00:00,20.25,85.75,24.82608,16.345184,-2.8434296,-1.7377319,3.3323872,58.569244,1019.455,0.0,0.44555664
2024-01-07 05:00:00,20.25,86.0,24.867096,16.649872,-2.889328,-2.0219116,3.5265198,55.016174,1019.4075,0.0,0.44555664
2024-01-07 06:00:00,20.5,85.75,26.020142,16.13089,-2.7327728,-1.2541656,3.0068219,65.34793,1018.2631,0.0,0.5554199
2024-01-07 06:00:00,20.5,86.0,26.104126,16.414093,-2.7620697,-1.610611,3.197358,59.752808,1018.22064,0.0,0.5554199
2024-01-07 06:00:00,20.25,85.75,26.352173,16.207062,-2.7464447,-1.4182281,3.091008,62.68875,1018.1781,0.0,1.0009766
2024-01-07 06:00:00,20.25,86.0,26.399048,16.416046,-2.8274994,-1.7024078,3.3004463,58.948303,1018.1331,0.0,1.4434814
2024-01-07 07:00:00,20.5,85.75,26.37027,16.21939,-2.5168304,-0.91160583,2.6768377,70.08942,1017.1956,0.0,0.0
2024-01-07 07:00:00,20.5,86.0,26.462067,16.48111,-2.6066742,-1.2748871,2.9017386,63.93741,1017.16815,0.0,0.0
2024-01-07 07:00:00,20.25,85.75,26.65152,16.277985,-2.5383148,-1.0844574,2.7602699,66.86612,1017.1206,0.0,0.0
2024-01-07 07:00:00,20.25,86.0,26.694489,16.479156,-2.7043304,-1.366684,3.0300543,63.189392,1017.10065,0.0,0.0
2024-01-07 08:00:00,20.5,85.75,27.51233,16.526215,-2.3282623,-0.66052246,2.4201436,74.1615,1015.82,0.0,1.3336182
2024-01-07 08:00:00,20.5,86.0,27.498657,16.789886,-2.4845123,-1.0091553,2.6816406,67.89404,1015.805,0.0,0.77819824
2024-01-07 08:00:00,20.25,85.75,27.744751,16.739105,-2.3741608,-0.84020996,2.5184503,70.51123,1015.7425,0.0,2.2216797
2024-01-07 08:00:00,20.25,86.0,27.65686,16.91684,-2.6241608,-1.1009521,2.845754,67.23978,1015.74,0.0,1.8890381
2024-01-07 09:00:00,20.5,85.75,27.66092,16.353119,-2.185089,-0.5733032,2.2590466,75.298615,1015.1138,0.0,0.8911133
2024-01-07 09:00:00,20.5,86.0,27.604279,16.624603,-2.3843079,-0.9092407,2.5517921,69.12598,1015.1213,0.0,0.22277832
2024-01-07 09:00:00,20.25,85.75,27.881622,16.581635,-2.2563782,-0.65826416,2.350437,73.736176,1015.03625,0.0,0.44555664
2024-01-07 09:00:00,20.25,86.0,27.713654,16.798431,-2.566925,-0.90338135,2.72125,70.61142,1015.0563,0.0,0.0
2024-01-07 10:00:00,20.5,85.75,25.635712,17.255066,-2.7709808,-0.83636475,2.89445,73.20462,1015.16315,0.0,0.0
2024-01-07 10:00:00,20.5,86.0,25.504852,17.481628,-2.882309,-1.1312866,3.0963712,68.57031,1015.21814,0.0,0.0
2024-01-07 10:00:00,20.25,85.75,25.852509,17.39569,-2.812973,-0.7855835,2.9206092,74.396454,1015.09064,0.0,0.0
2024-01-07 10:00:00,20.25,86.0,25.577118,17.581238,-3.0512543,-0.96624756,3.2005918,72.42847,1015.16315,0.0,0.0
2024-01-07 11:00:00,20.5,85.75,25.330261,16.920563,-2.3524475,-0.41722107,2.3891594,79.94281,1015.4387,0.0,0.8911133
2024-01-07 11:00:00,20.5,86.0,25.03534,16.977203,-2.3387756,-0.5773773,2.4089906,76.13257,1015.5062,0.0,0.77819824
2024-01-07 11:00:00,20.25,85.75,25.519714,17.172516,-2.342682,-0.33226013,2.3661265,81.92761,1015.35376,0.0,0.8911133
2024-01-07 11:00:00,20.25,86.0,25.070496,17.182281,-2.4794006,-0.43284607,2.5168996,80.09729,1015.4363,0.0,1.0009766
2024-01-07 12:00:00,20.5,85.75,24.782623,17.172668,-1.9951019,-0.16018677,2.0015223,85.409546,1015.6069,0.0,4.0039062
2024-01-07 12:00:00,20.5,86.0,24.356842,17.194153,-1.878891,-0.24319458,1.8945646,82.62491,1015.6794,0.0,2.8900146
2024-01-07 12:00:00,20.25,85.75,24.667389,17.46759,-1.9872894,-0.023468018,1.9874281,89.323425,1015.52936,0.0,1.3336182
2024-01-07 12:00:00,20.25,86.0,24.313873,17.516418,-1.9911957,-0.14260864,1.9962959,85.90347,1015.6144,0.0,1.1108398
2024-01-07 13:00:00,20.5,85.75,24.602234,16.978607,-2.1703033,0.2111969,2.180555,95.55809,1016.14435,0.0,0.8911133
2024-01-07 13:00:00,20.5,86.0,24.281921,17.033295,-2.04628,0.059829712,2.0471544,91.674774,1016.1869,0.0,1.2237549
2024-01-07 13:00:00,20.25,85.75,24.50653,17.433685,-2.1390533,0.27955627,2.1572437,97.44588,1016.1369,0.0,1.3336182
2024-01-07 13:00:00,20.25,86.0,24.170593,17.584076,-2.1312408,0.044204712,2.1316993,91.18823,1016.1744,0.0,1.4434814
2024-01-07 14:00:00,20.5,85.75,23.70047,16.952332,-1.875412,0.59950256,1.9689016,107.727234,1016.8787,0.0,0.0
2024-01-07 14:00:00,20.5,86.0,23.23172,17.067566,-1.806076,0.4159088,1.8533459,102.968185,1016.8688,0.0,0.0
2024-01-07 14:00:00,20.25,85.75,23.460236,17.579285,-1.8715057,0.47743225,1.9314438,104.311264,1016.89124,0.0,0.0
2024-01-07 14:00:00,20.25,86.0,23.08133,17.717957,-1.8119354,0.19032288,1.8219036,95.99628,1016.8787,0.0,0.0
2024-01-07 15:00:00,20.5,85.75,21.883026,16.63742,-1.667984,0.6777649,1.8004266,112.113785,1017.5769,0.0,0.44555664
2024-01-07 15:00:00,20.5,86.0,21.381073,16.809296,-2.1416168,0.55374146,2.212047,104.49704,1017.52185,0.0,0.22277832
2024-01-07 15:00:00,20.25,85.75,21.77951,17.35617,-1.877945,0.4873352,1.9401476,104.54762,1017.5469,0.0,0.0
2024-01-07 15:00:00,20.25,86.0,21.486542,17.467499,-2.161148,0.1670227,2.1675925,94.41928,1017.4894,0.0,0.0
2024-01-07 16:00:00,20.5,85.75,21.021759,16.889374,-2.1318817,0.9779968,2.3455057,114.64322,1017.7825,0.0,1.5594482
2024-01-07 16:00:00,20.5,86.0,20.488556,17.01828,-2.1494598,0.4838562,2.2032464,102.68617,1017.6925,0.0,0.66833496
2024-01-07 16:00:00,20.25,85.75,20.994415,17.485077,-2.4580536,0.5287781,2.514286,102.1405,1017.7225,0.0,0.22277832
2024-01-07 16:00:00,20.25,86.0,20.73465,17.533905,-2.4287567,-0.10891724,2.4311976,87.43231,1017.63,0.0,0.0
2024-01-07 17:00:00,20.5,85.75,19.195892,16.60379,-1.6815491,0.63682556,1.7980974,110.74237,1017.76685,0.0,0.0
2024-01-07 17:00:00,20.5,86.0,19.326752,16.580353,-1.7479553,-0.07020569,1.7493646,87.69995,1017.64685,0.0,0.0
2024-01-07 17:00:00,20.25,85.75,19.301361,17.033478,-1.9549866,-0.008682251,1.9550059,89.745544,1017.7019,0.0,0.0
2024-01-07 17:00:00,20.25,86.0,19.324799,17.029572,-2.0692444,-0.7411041,2.1979554,70.29492,1017.58185,0.0,0.0
2024-01-07 18:00:00,20.5,85.75,20.446228,16.70285,-0.96191406,0.29629517,1.0065136,107.12024,1017.5669,0.0,0.44250488
2024-01-07 18:00:00,20.5,86.0,20.225525,16.687225,-1.0712891,-0.64315796,1.2495248,59.02112,1017.46436,0.0,0.5554199
2024-01-07 18:00:00,20.25,85.75,19.979431,17.064178,-1.1796875,-0.5874939,1.3178815,63.526306,1017.5019,0.0,0.44555664
2024-01-07 18:00:00,20.25,86.0,19.54779,17.087616,-1.3925781,-1.283783,1.894036,47.32782,1017.39685,0.0,0.5554199
2024-01-07 19:00:00,20.5,85.75,20.919434,16.692352,0.13249207,-0.12010193,0.17882568,312.1918,1017.2425,0.0,2.1087646
2024-01-07 19:00:00,20.5,86.0,19.70459,16.592743,-0.13117981,-1.01268,1.021141,7.380829,1017.1275,0.0,1.2237549
2024-01-07 19:00:00,20.25,85.75,20.0542,16.987274,-0.097976685,-1.1181488,1.1224332,5.0076904,1017.16,0.0,2.999878
2024-01-07 19:00:00,20.25,86.0,19.087402,16.926727,-0.501297,-1.7402191,1.8109835,16.069855,1017.04,0.0,1.8890381
2024-01-07 20:00:00,20.5,85.75,19.454498,16.426971,0.34606934,-0.7258301,0.8041102,334.5086,1017.02814,0.0,1.1077881
2024-01-07 20:00:00,20.5,86.0,18.546295,16.303925,0.23669434,-1.5158691,1.5342371,351.12524,1016.9331,0.0,0.5554199
2024-01-07 20:00:00,20.25,85.75,18.43692,16.639862,0.30700684,-1.192627,1.2315081,345.5643,1016.9231,0.0,3.3294678
2024-01-07 20:00:00,20.25,86.0,18.104889,16.618378,0.04724121,-1.8303223,1.8309318,358.52148,1016.8206,0.0,2.1087646
2024-01-07 21:00:00,20.5,85.75,18.28598,16.320343,0.50180054,-1.3784485,1.4669439,339.99683,1016.4775,0.0,5.218506
2024-01-07 21:00:00,20.5,86.0,18.137543,16.335968,0.25180054,-1.6860657,1.7047642,351.5061,1016.3875,0.0,4.3304443
2024-01-07 21:00:00,20.25,85.75,18.082855,16.59378,0.39535522,-1.4555969,1.508333,344.80444,1016.36,0.0,6.112671
2024-01-07 21:00:00,20.25,86.0,18.328949,16.69339,0.054534912,-1.6304016,1.6313134,358.08423,1016.265,0.0,4.5562744
2024-01-07 22:00:00,20.5,85.75,16.846893,15.513641,0.057235718,-1.768631,1.7695569,358.14645,1016.45435,0.0,4.8828125
2024-01-07 22:00:00,20.5,86.0,16.966034,15.5468445,-0.24842834,-1.9483185,1.9640931,7.26651,1016.4169,0.0,4.7698975
2024-01-07 22:00:00,20.25,85.75,17.12619,15.863251,0.06993103,-1.7032013,1.7046363,357.64883,1016.3244,0.0,6.222534
2024-01-07 22:00:00,20.25,86.0,17.384003,15.955048,-0.26112366,-1.9532013,1.9705788,7.6147156,1016.28186,0.0,6.112671
2024-01-07 23:00:00,20.5,85.75,17.105652,15.7569275,-0.23887634,-1.8735962,1.8887627,7.2657776,1016.365,0.0,1.2237549
2024-01-07 23:00:00,20.5,86.0,17.140808,15.790131,-0.6177826,-1.9614868,2.0564742,17.482147,1016.315,0.0,1.9989014
2024-01-07 23:00:00,20.25,85.75,17.334167,16.028412,-0.23301697,-1.9087524,1.922923,6.9601135,1016.265,0.0,1.6662598
2024-01-07 23:00:00,20.25,86.0,17.49823,16.116302,-0.6334076,-2.1148071,2.2076263,16.673523,1016.2075,0.0,1.9989014
